seed 0 min 0.5980050053407816
seed 1 min 0.9378945446083592
seed 2 min 0.5981745755677249
seed 3 min 0.6576011396728431
seed 4 min 0.9851237893019772
seed 5 min 0.9029318315521782
seed 6 min 0.9444258349002596
seed 7 min 0.9563066774743281
seed 8 min 0.8516945205045007
seed 9 min 0.5981745755677249
seed 10 min 0.7937429796992629
seed 11 min 0.8582030535469736
seed 12 min 0.9063188043838679
seed 13 min 0.8901055363444876
seed 14 min 0.9928472657837999
seed 15 min 0.8654729491884404
seed 16 min 0.5981745755677249
seed 17 min 0.9024229074067455
seed 18 min 0.845159873689227
seed 19 min 0.9245497381808399
[
  {
    "seed": 0,
    "canvasOpacity": 0.25,
    "cssOpacity": 1,
    "labels": [
      {
        "index": 0,
        "label": ".face-name",
        "baseStd": 23.725089293563798,
        "waveStd": 23.725089293563798,
        "ratio": 1.0
      },
      {
        "index": 0,
        "label": ".face-rarity",
        "baseStd": 11.933910910000906,
        "waveStd": 11.933910910000906,
        "ratio": 1.0
      },
      {
        "index": 1,
        "label": ".face-name",
        "baseStd": 6.248645199687937,
        "waveStd": 3.736721106012034,
        "ratio": 0.5980050053407816
      },
      {
        "index": 1,
        "label": ".face-rarity",
        "baseStd": 8.375884397238917,
        "waveStd": 7.555947605128165,
        "ratio": 0.9021074368718555
      },
      {
        "index": 2,
        "label": ".face-name",
        "baseStd": 47.75024720488325,
        "waveStd": 47.75024720488325,
        "ratio": 1.0
      },
      {
        "index": 2,
        "label": ".face-rarity",
        "baseStd": 49.69506657681934,
        "waveStd": 49.69506657681934,
        "ratio": 1.0
      }
    ]
  },
  {
    "seed": 0,
    "canvasOpacity": 0.12,
    "cssOpacity": 1,
    "labels": [
      {
        "index": 0,
        "label": ".face-name",
        "baseStd": 23.725089293563798,
        "waveStd": 23.725089293563798,
        "ratio": 1.0
      },
      {
        "index": 0,
        "label": ".face-rarity",
        "baseStd": 11.933910910000906,
        "waveStd": 11.933910910000906,
        "ratio": 1.0
      },
      {
        "index": 1,
        "label": ".face-name",
        "baseStd": 6.248645199687937,
        "waveStd": 3.7400799201329398,
        "ratio": 0.598542532118758
      },
      {
        "index": 1,
        "label": ".face-rarity",
        "baseStd": 8.375884397238917,
        "waveStd": 7.565594490367175,
        "ratio": 0.9032591821421448
      },
      {
        "index": 2,
        "label": ".face-name",
        "baseStd": 47.75024720488325,
        "waveStd": 47.75024720488325,
        "ratio": 1.0
      },
      {
        "index": 2,
        "label": ".face-rarity",
        "baseStd": 49.69506657681934,
        "waveStd": 49.69506657681934,
        "ratio": 1.0
      }
    ]
  },
  {
    "seed": 0,
    "canvasOpacity": 0,
    "cssOpacity": 1,
    "labels": [
      {
        "index": 0,
        "label": ".face-name",
        "baseStd": 23.725089293563798,
        "waveStd": 23.725089293563798,
        "ratio": 1.0
      },
      {
        "index": 0,
        "label": ".face-rarity",
        "baseStd": 11.933910910000906,
        "waveStd": 11.933910910000906,
        "ratio": 1.0
      },
      {
        "index": 1,
        "label": ".face-name",
        "baseStd": 6.248645199687937,
        "waveStd": 3.7446423140535394,
        "ratio": 0.5992726734173593
      },
      {
        "index": 1,
        "label": ".face-rarity",
        "baseStd": 8.375884397238917,
        "waveStd": 7.568118577895909,
        "ratio": 0.9035605339050184
      },
      {
        "index": 2,
        "label": ".face-name",
        "baseStd": 47.75024720488325,
        "waveStd": 47.75024720488325,
        "ratio": 1.0
      },
      {
        "index": 2,
        "label": ".face-rarity",
        "baseStd": 49.69506657681934,
        "waveStd": 49.69506657681934,
        "ratio": 1.0
      }
    ]
  },
  {
    "seed": 0,
    "canvasOpacity": 0.25,
    "cssOpacity": 0.5,
    "labels": [
      {
        "index": 0,
        "label": ".face-name",
        "baseStd": 23.725089293563798,
        "waveStd": 23.725089293563798,
        "ratio": 1.0
      },
      {
        "index": 0,
        "label": ".face-rarity",
        "baseStd": 11.933910910000906,
        "waveStd": 11.933910910000906,
        "ratio": 1.0
      },
      {
        "index": 1,
        "label": ".face-name",
        "baseStd": 6.248645199687937,
        "waveStd": 4.607944384994878,
        "ratio": 0.7374309530688352
      },
      {
        "index": 1,
        "label": ".face-rarity",
        "baseStd": 8.375884397238917,
        "waveStd": 7.716534063512165,
        "ratio": 0.9212799147581234
      },
      {
        "index": 2,
        "label": ".face-name",
        "baseStd": 47.75024720488325,
        "waveStd": 47.75024720488325,
        "ratio": 1.0
      },
      {
        "index": 2,
        "label": ".face-rarity",
        "baseStd": 49.69506657681934,
        "waveStd": 49.69506657681934,
        "ratio": 1.0
      }
    ]
  },
  {
    "seed": 0,
    "canvasOpacity": 0.25,
    "cssOpacity": 0,
    "labels": [
      {
        "index": 0,
        "label": ".face-name",
        "baseStd": 23.725089293563798,
        "waveStd": 23.725089293563798,
        "ratio": 1.0
      },
      {
        "index": 0,
        "label": ".face-rarity",
        "baseStd": 11.933910910000906,
        "waveStd": 11.933910910000906,
        "ratio": 1.0
      },
      {
        "index": 1,
        "label": ".face-name",
        "baseStd": 6.248645199687937,
        "waveStd": 6.254980570596953,
        "ratio": 1.0010138791220426
      },
      {
        "index": 1,
        "label": ".face-rarity",
        "baseStd": 8.375884397238917,
        "waveStd": 8.365177969887563,
        "ratio": 0.9987217555969513
      },
      {
        "index": 2,
        "label": ".face-name",
        "baseStd": 47.75024720488325,
        "waveStd": 47.75024720488325,
        "ratio": 1.0
      },
      {
        "index": 2,
        "label": ".face-rarity",
        "baseStd": 49.69506657681934,
        "waveStd": 49.69506657681934,
        "ratio": 1.0
      }
    ]
  },
  {
    "seed": 1,
    "canvasOpacity": 0.25,
    "cssOpacity": 1,
    "labels": [
      {
        "index": 0,
        "label": ".face-name",
        "baseStd": 22.338516199694915,
        "waveStd": 22.338516199694915,
        "ratio": 1.0
      },
      {
        "index": 0,
        "label": ".face-rarity",
        "baseStd": 5.799903117330266,
        "waveStd": 5.884499806528313,
        "ratio": 1.01458587970983
      },
      {
        "index": 1,
        "label": ".face-name",
        "baseStd": 16.589552585310283,
        "waveStd": 15.559250867256017,
        "ratio": 0.9378945446083592
      },
      {
        "index": 1,
        "label": ".face-rarity",
        "baseStd": 15.571272993885968,
        "waveStd": 15.513078712340635,
        "ratio": 0.9962627152212807
      },
      {
        "index": 2,
        "label": ".face-name",
        "baseStd": 47.75024720488325,
        "waveStd": 47.75024720488325,
        "ratio": 1.0
      },
      {
        "index": 2,
        "label": ".face-rarity",
        "baseStd": 49.69506657681934,
        "waveStd": 49.69506657681934,
        "ratio": 1.0
      }
    ]
  },
  {
    "seed": 1,
    "canvasOpacity": 0.12,
    "cssOpacity": 1,
    "labels": [
      {
        "index": 0,
        "label": ".face-name",
        "baseStd": 22.338516199694915,
        "waveStd": 22.338516199694915,
        "ratio": 1.0
      },
      {
        "index": 0,
        "label": ".face-rarity",
        "baseStd": 5.799903117330266,
        "waveStd": 5.884499806528313,
        "ratio": 1.01458587970983
      },
      {
        "index": 1,
        "label": ".face-name",
        "baseStd": 16.589552585310283,
        "waveStd": 15.59241935580654,
        "ratio": 0.9398939046501661
      },
      {
        "index": 1,
        "label": ".face-rarity",
        "baseStd": 15.571272993885968,
        "waveStd": 15.505352403618984,
        "ratio": 0.9957665252999631
      },
      {
        "index": 2,
        "label": ".face-name",
        "baseStd": 47.75024720488325,
        "waveStd": 47.75024720488325,
        "ratio": 1.0
      },
      {
        "index": 2,
        "label": ".face-rarity",
        "baseStd": 49.69506657681934,
        "waveStd": 49.69506657681934,
        "ratio": 1.0
      }
    ]
  },
  {
    "seed": 1,
    "canvasOpacity": 0,
    "cssOpacity": 1,
    "labels": [
      {
        "index": 0,
        "label": ".face-name",
        "baseStd": 22.338516199694915,
        "waveStd": 22.338516199694915,
        "ratio": 1.0
      },
      {
        "index": 0,
        "label": ".face-rarity",
        "baseStd": 5.799903117330266,
        "waveStd": 5.884499806528313,
        "ratio": 1.01458587970983
      },
      {
        "index": 1,
        "label": ".face-name",
        "baseStd": 16.589552585310283,
        "waveStd": 15.595186530364458,
        "ratio": 0.9400607068917388
      },
      {
        "index": 1,
        "label": ".face-rarity",
        "baseStd": 15.571272993885968,
        "waveStd": 15.503476014681617,
        "ratio": 0.9956460220541397
      },
      {
        "index": 2,
        "label": ".face-name",
        "baseStd": 47.75024720488325,
        "waveStd": 47.75024720488325,
        "ratio": 1.0
      },
      {
        "index": 2,
        "label": ".face-rarity",
        "baseStd": 49.69506657681934,
        "waveStd": 49.69506657681934,
        "ratio": 1.0
      }
    ]
  },
  {
    "seed": 1,
    "canvasOpacity": 0.25,
    "cssOpacity": 0.5,
    "labels": [
      {
        "index": 0,
        "label": ".face-name",
        "baseStd": 22.338516199694915,
        "waveStd": 22.338516199694915,
        "ratio": 1.0
      },
      {
        "index": 0,
        "label": ".face-rarity",
        "baseStd": 5.799903117330266,
        "waveStd": 5.847328833989079,
        "ratio": 1.0081769842873933
      },
      {
        "index": 1,
        "label": ".face-name",
        "baseStd": 16.589552585310283,
        "waveStd": 15.949606998422729,
        "ratio": 0.9614247832425442
      },
      {
        "index": 1,
        "label": ".face-rarity",
        "baseStd": 15.571272993885968,
        "waveStd": 15.531483121740123,
        "ratio": 0.9974446615789558
      },
      {
        "index": 2,
        "label": ".face-name",
        "baseStd": 47.75024720488325,
        "waveStd": 47.75024720488325,
        "ratio": 1.0
      },
      {
        "index": 2,
        "label": ".face-rarity",
        "baseStd": 49.69506657681934,
        "waveStd": 49.69506657681934,
        "ratio": 1.0
      }
    ]
  },
  {
    "seed": 1,
    "canvasOpacity": 0.25,
    "cssOpacity": 0,
    "labels": [
      {
        "index": 0,
        "label": ".face-name",
        "baseStd": 22.338516199694915,
        "waveStd": 22.338516199694915,
        "ratio": 1.0
      },
      {
        "index": 0,
        "label": ".face-rarity",
        "baseStd": 5.799903117330266,
        "waveStd": 5.799903117330266,
        "ratio": 1.0
      },
      {
        "index": 1,
        "label": ".face-name",
        "baseStd": 16.589552585310283,
        "waveStd": 16.564430338189382,
        "ratio": 0.9984856585497582
      },
      {
        "index": 1,
        "label": ".face-rarity",
        "baseStd": 15.571272993885968,
        "waveStd": 15.588507338209173,
        "ratio": 1.0011068038130198
      },
      {
        "index": 2,
        "label": ".face-name",
        "baseStd": 47.75024720488325,
        "waveStd": 47.75024720488325,
        "ratio": 1.0
      },
      {
        "index": 2,
        "label": ".face-rarity",
        "baseStd": 49.69506657681934,
        "waveStd": 49.69506657681934,
        "ratio": 1.0
      }
    ]
  },
  {
    "seed": 2,
    "canvasOpacity": 0.25,
    "cssOpacity": 1,
    "labels": [
      {
        "index": 0,
        "label": ".face-name",
        "baseStd": 13.740961178930222,
        "waveStd": 13.740961178930222,
        "ratio": 1.0
      },
      {
        "index": 0,
        "label": ".face-rarity",
        "baseStd": 5.799903117330266,
        "waveStd": 5.884499806528313,
        "ratio": 1.01458587970983
      },
      {
        "index": 1,
        "label": ".face-name",
        "baseStd": 6.250463624107544,
        "waveStd": 3.7388684254520337,
        "ratio": 0.5981745755677249
      },
      {
        "index": 1,
        "label": ".face-rarity",
        "baseStd": 19.735570895701116,
        "waveStd": 17.263593648355723,
        "ratio": 0.874745085388746
      },
      {
        "index": 2,
        "label": ".face-name",
        "baseStd": 47.75024720488325,
        "waveStd": 47.75024720488325,
        "ratio": 1.0
      },
      {
        "index": 2,
        "label": ".face-rarity",
        "baseStd": 49.69506657681934,
        "waveStd": 49.69506657681934,
        "ratio": 1.0
      }
    ]
  },
  {
    "seed": 2,
    "canvasOpacity": 0.12,
    "cssOpacity": 1,
    "labels": [
      {
        "index": 0,
        "label": ".face-name",
        "baseStd": 13.740961178930222,
        "waveStd": 13.740961178930222,
        "ratio": 1.0
      },
      {
        "index": 0,
        "label": ".face-rarity",
        "baseStd": 5.799903117330266,
        "waveStd": 5.884499806528313,
        "ratio": 1.01458587970983
      },
      {
        "index": 1,
        "label": ".face-name",
        "baseStd": 6.250463624107544,
        "waveStd": 3.7422292650340365,
        "ratio": 0.598712270014748
      },
      {
        "index": 1,
        "label": ".face-rarity",
        "baseStd": 19.735570895701116,
        "waveStd": 17.294254029655395,
        "ratio": 0.876298644769506
      },
      {
        "index": 2,
        "label": ".face-name",
        "baseStd": 47.75024720488325,
        "waveStd": 47.75024720488325,
        "ratio": 1.0
      },
      {
        "index": 2,
        "label": ".face-rarity",
        "baseStd": 49.69506657681934,
        "waveStd": 49.69506657681934,
        "ratio": 1.0
      }
    ]
  },
  {
    "seed": 2,
    "canvasOpacity": 0,
    "cssOpacity": 1,
    "labels": [
      {
        "index": 0,
        "label": ".face-name",
        "baseStd": 13.740961178930222,
        "waveStd": 13.740961178930222,
        "ratio": 1.0
      },
      {
        "index": 0,
        "label": ".face-rarity",
        "baseStd": 5.799903117330266,
        "waveStd": 5.884499806528313,
        "ratio": 1.01458587970983
      },
      {
        "index": 1,
        "label": ".face-name",
        "baseStd": 6.250463624107544,
        "waveStd": 3.746793516094472,
        "ratio": 0.5994424960163571
      },
      {
        "index": 1,
        "label": ".face-rarity",
        "baseStd": 19.735570895701116,
        "waveStd": 17.301853698049364,
        "ratio": 0.8766837194366708
      },
      {
        "index": 2,
        "label": ".face-name",
        "baseStd": 47.75024720488325,
        "waveStd": 47.75024720488325,
        "ratio": 1.0
      },
      {
        "index": 2,
        "label": ".face-rarity",
        "baseStd": 49.69506657681934,
        "waveStd": 49.69506657681934,
        "ratio": 1.0
      }
    ]
  },
  {
    "seed": 2,
    "canvasOpacity": 0.25,
    "cssOpacity": 0.5,
    "labels": [
      {
        "index": 0,
        "label": ".face-name",
        "baseStd": 13.740961178930222,
        "waveStd": 13.740961178930222,
        "ratio": 1.0
      },
      {
        "index": 0,
        "label": ".face-rarity",
        "baseStd": 5.799903117330266,
        "waveStd": 5.847328833989079,
        "ratio": 1.0081769842873933
      },
      {
        "index": 1,
        "label": ".face-name",
        "baseStd": 6.250463624107544,
        "waveStd": 4.612055820738053,
        "ratio": 0.7378741959155988
      },
      {
        "index": 1,
        "label": ".face-rarity",
        "baseStd": 19.735570895701116,
        "waveStd": 18.310123770287046,
        "ratio": 0.9277726936328674
      },
      {
        "index": 2,
        "label": ".face-name",
        "baseStd": 47.75024720488325,
        "waveStd": 47.75024720488325,
        "ratio": 1.0
      },
      {
        "index": 2,
        "label": ".face-rarity",
        "baseStd": 49.69506657681934,
        "waveStd": 49.69506657681934,
        "ratio": 1.0
      }
    ]
  },
  {
    "seed": 2,
    "canvasOpacity": 0.25,
    "cssOpacity": 0,
    "labels": [
      {
        "index": 0,
        "label": ".face-name",
        "baseStd": 13.740961178930222,
        "waveStd": 13.740961178930222,
        "ratio": 1.0
      },
      {
        "index": 0,
        "label": ".face-rarity",
        "baseStd": 5.799903117330266,
        "waveStd": 5.799903117330266,
        "ratio": 1.0
      },
      {
        "index": 1,
        "label": ".face-name",
        "baseStd": 6.250463624107544,
        "waveStd": 6.256792425397818,
        "ratio": 1.0010125330968833
      },
      {
        "index": 1,
        "label": ".face-rarity",
        "baseStd": 19.735570895701116,
        "waveStd": 19.705528988131483,
        "ratio": 0.9984777786399797
      },
      {
        "index": 2,
        "label": ".face-name",
        "baseStd": 47.75024720488325,
        "waveStd": 47.75024720488325,
        "ratio": 1.0
      },
      {
        "index": 2,
        "label": ".face-rarity",
        "baseStd": 49.69506657681934,
        "waveStd": 49.69506657681934,
        "ratio": 1.0
      }
    ]
  },
  {
    "seed": 3,
    "canvasOpacity": 0.25,
    "cssOpacity": 1,
    "labels": [
      {
        "index": 0,
        "label": ".face-name",
        "baseStd": 3.524933840962105,
        "waveStd": 3.524933840962105,
        "ratio": 1.0
      },
      {
        "index": 0,
        "label": ".face-rarity",
        "baseStd": 5.186971971718026,
        "waveStd": 5.225083027074356,
        "ratio": 1.007347457353564
      },
      {
        "index": 1,
        "label": ".face-name",
        "baseStd": 6.527752167257169,
        "waveStd": 4.2926572646901855,
        "ratio": 0.6576011396728431
      },
      {
        "index": 1,
        "label": ".face-rarity",
        "baseStd": 16.53820691463507,
        "waveStd": 14.34640186089356,
        "ratio": 0.8674702121545035
      },
      {
        "index": 2,
        "label": ".face-name",
        "baseStd": 47.75024720488325,
        "waveStd": 47.75024720488325,
        "ratio": 1.0
      },
      {
        "index": 2,
        "label": ".face-rarity",
        "baseStd": 49.69506657681934,
        "waveStd": 49.69506657681934,
        "ratio": 1.0
      }
    ]
  },
  {
    "seed": 3,
    "canvasOpacity": 0.12,
    "cssOpacity": 1,
    "labels": [
      {
        "index": 0,
        "label": ".face-name",
        "baseStd": 3.524933840962105,
        "waveStd": 3.524933840962105,
        "ratio": 1.0
      },
      {
        "index": 0,
        "label": ".face-rarity",
        "baseStd": 5.186971971718026,
        "waveStd": 5.225083027074356,
        "ratio": 1.007347457353564
      },
      {
        "index": 1,
        "label": ".face-name",
        "baseStd": 6.527752167257169,
        "waveStd": 4.294682532691187,
        "ratio": 0.657911394711501
      },
      {
        "index": 1,
        "label": ".face-rarity",
        "baseStd": 16.53820691463507,
        "waveStd": 14.359704385411291,
        "ratio": 0.8682745632299492
      },
      {
        "index": 2,
        "label": ".face-name",
        "baseStd": 47.75024720488325,
        "waveStd": 47.75024720488325,
        "ratio": 1.0
      },
      {
        "index": 2,
        "label": ".face-rarity",
        "baseStd": 49.69506657681934,
        "waveStd": 49.69506657681934,
        "ratio": 1.0
      }
    ]
  },
  {
    "seed": 3,
    "canvasOpacity": 0,
    "cssOpacity": 1,
    "labels": [
      {
        "index": 0,
        "label": ".face-name",
        "baseStd": 3.524933840962105,
        "waveStd": 3.524933840962105,
        "ratio": 1.0
      },
      {
        "index": 0,
        "label": ".face-rarity",
        "baseStd": 5.186971971718026,
        "waveStd": 5.225083027074356,
        "ratio": 1.007347457353564
      },
      {
        "index": 1,
        "label": ".face-name",
        "baseStd": 6.527752167257169,
        "waveStd": 4.297638334179937,
        "ratio": 0.6583642001203178
      },
      {
        "index": 1,
        "label": ".face-rarity",
        "baseStd": 16.53820691463507,
        "waveStd": 14.35996190756036,
        "ratio": 0.8682901345763714
      },
      {
        "index": 2,
        "label": ".face-name",
        "baseStd": 47.75024720488325,
        "waveStd": 47.75024720488325,
        "ratio": 1.0
      },
      {
        "index": 2,
        "label": ".face-rarity",
        "baseStd": 49.69506657681934,
        "waveStd": 49.69506657681934,
        "ratio": 1.0
      }
    ]
  },
  {
    "seed": 3,
    "canvasOpacity": 0.25,
    "cssOpacity": 0.5,
    "labels": [
      {
        "index": 0,
        "label": ".face-name",
        "baseStd": 3.524933840962105,
        "waveStd": 3.524933840962105,
        "ratio": 1.0
      },
      {
        "index": 0,
        "label": ".face-rarity",
        "baseStd": 5.186971971718026,
        "waveStd": 5.203802433108499,
        "ratio": 1.0032447565713178
      },
      {
        "index": 1,
        "label": ".face-name",
        "baseStd": 6.527752167257169,
        "waveStd": 5.037190553027566,
        "ratio": 0.7716577504724866
      },
      {
        "index": 1,
        "label": ".face-rarity",
        "baseStd": 16.53820691463507,
        "waveStd": 15.251083919279173,
        "ratio": 0.9221727602031096
      },
      {
        "index": 2,
        "label": ".face-name",
        "baseStd": 47.75024720488325,
        "waveStd": 47.75024720488325,
        "ratio": 1.0
      },
      {
        "index": 2,
        "label": ".face-rarity",
        "baseStd": 49.69506657681934,
        "waveStd": 49.69506657681934,
        "ratio": 1.0
      }
    ]
  },
  {
    "seed": 3,
    "canvasOpacity": 0.25,
    "cssOpacity": 0,
    "labels": [
      {
        "index": 0,
        "label": ".face-name",
        "baseStd": 3.524933840962105,
        "waveStd": 3.524933840962105,
        "ratio": 1.0
      },
      {
        "index": 0,
        "label": ".face-rarity",
        "baseStd": 5.186971971718026,
        "waveStd": 5.186971971718026,
        "ratio": 1.0
      },
      {
        "index": 1,
        "label": ".face-name",
        "baseStd": 6.527752167257169,
        "waveStd": 6.53509817960362,
        "ratio": 1.0011253509873272
      },
      {
        "index": 1,
        "label": ".face-rarity",
        "baseStd": 16.53820691463507,
        "waveStd": 16.529596928902745,
        "ratio": 0.9994793881962678
      },
      {
        "index": 2,
        "label": ".face-name",
        "baseStd": 47.75024720488325,
        "waveStd": 47.75024720488325,
        "ratio": 1.0
      },
      {
        "index": 2,
        "label": ".face-rarity",
        "baseStd": 49.69506657681934,
        "waveStd": 49.69506657681934,
        "ratio": 1.0
      }
    ]
  },
  {
    "seed": 4,
    "canvasOpacity": 0.25,
    "cssOpacity": 1,
    "labels": [
      {
        "index": 0,
        "label": ".face-name",
        "baseStd": 7.322025137573736,
        "waveStd": 7.322025137573736,
        "ratio": 1.0
      },
      {
        "index": 0,
        "label": ".face-rarity",
        "baseStd": 6.549980160610657,
        "waveStd": 6.626104480190774,
        "ratio": 1.0116220687259334
      },
      {
        "index": 1,
        "label": ".face-name",
        "baseStd": 1.5157182462722227,
        "waveStd": 4.955201563748185,
        "ratio": 3.2692102083847523
      },
      {
        "index": 1,
        "label": ".face-rarity",
        "baseStd": 9.9964184968254,
        "waveStd": 11.422973950057557,
        "ratio": 1.1427066557572787
      },
      {
        "index": 2,
        "label": ".face-name",
        "baseStd": 47.75024720488325,
        "waveStd": 47.75024720488325,
        "ratio": 1.0
      },
      {
        "index": 2,
        "label": ".face-rarity",
        "baseStd": 49.69506657681934,
        "waveStd": 49.69506657681934,
        "ratio": 1.0
      }
    ]
  },
  {
    "seed": 4,
    "canvasOpacity": 0.12,
    "cssOpacity": 1,
    "labels": [
      {
        "index": 0,
        "label": ".face-name",
        "baseStd": 7.322025137573736,
        "waveStd": 7.322025137573736,
        "ratio": 1.0
      },
      {
        "index": 0,
        "label": ".face-rarity",
        "baseStd": 6.549980160610657,
        "waveStd": 6.626104480190774,
        "ratio": 1.0116220687259334
      },
      {
        "index": 1,
        "label": ".face-name",
        "baseStd": 1.5157182462722227,
        "waveStd": 4.991854014023162,
        "ratio": 3.293391780629542
      },
      {
        "index": 1,
        "label": ".face-rarity",
        "baseStd": 9.9964184968254,
        "waveStd": 11.454615156099763,
        "ratio": 1.1458719099983106
      },
      {
        "index": 2,
        "label": ".face-name",
        "baseStd": 47.75024720488325,
        "waveStd": 47.75024720488325,
        "ratio": 1.0
      },
      {
        "index": 2,
        "label": ".face-rarity",
        "baseStd": 49.69506657681934,
        "waveStd": 49.69506657681934,
        "ratio": 1.0
      }
    ]
  },
  {
    "seed": 4,
    "canvasOpacity": 0,
    "cssOpacity": 1,
    "labels": [
      {
        "index": 0,
        "label": ".face-name",
        "baseStd": 7.322025137573736,
        "waveStd": 7.322025137573736,
        "ratio": 1.0
      },
      {
        "index": 0,
        "label": ".face-rarity",
        "baseStd": 6.549980160610657,
        "waveStd": 6.626104480190774,
        "ratio": 1.0116220687259334
      },
      {
        "index": 1,
        "label": ".face-name",
        "baseStd": 1.5157182462722227,
        "waveStd": 4.999901680313025,
        "ratio": 3.2987012544117937
      },
      {
        "index": 1,
        "label": ".face-rarity",
        "baseStd": 9.9964184968254,
        "waveStd": 11.463546374524451,
        "ratio": 1.146765351827254
      },
      {
        "index": 2,
        "label": ".face-name",
        "baseStd": 47.75024720488325,
        "waveStd": 47.75024720488325,
        "ratio": 1.0
      },
      {
        "index": 2,
        "label": ".face-rarity",
        "baseStd": 49.69506657681934,
        "waveStd": 49.69506657681934,
        "ratio": 1.0
      }
    ]
  },
  {
    "seed": 4,
    "canvasOpacity": 0.25,
    "cssOpacity": 0.5,
    "labels": [
      {
        "index": 0,
        "label": ".face-name",
        "baseStd": 7.322025137573736,
        "waveStd": 7.322025137573736,
        "ratio": 1.0
      },
      {
        "index": 0,
        "label": ".face-rarity",
        "baseStd": 6.549980160610657,
        "waveStd": 6.590182989554207,
        "ratio": 1.006137855070969
      },
      {
        "index": 1,
        "label": ".face-name",
        "baseStd": 1.5157182462722227,
        "waveStd": 2.6194485368221962,
        "ratio": 1.7281896178689558
      },
      {
        "index": 1,
        "label": ".face-rarity",
        "baseStd": 9.9964184968254,
        "waveStd": 10.635547861882,
        "ratio": 1.0639358351453143
      },
      {
        "index": 2,
        "label": ".face-name",
        "baseStd": 47.75024720488325,
        "waveStd": 47.75024720488325,
        "ratio": 1.0
      },
      {
        "index": 2,
        "label": ".face-rarity",
        "baseStd": 49.69506657681934,
        "waveStd": 49.69506657681934,
        "ratio": 1.0
      }
    ]
  },
  {
    "seed": 4,
    "canvasOpacity": 0.25,
    "cssOpacity": 0,
    "labels": [
      {
        "index": 0,
        "label": ".face-name",
        "baseStd": 7.322025137573736,
        "waveStd": 7.322025137573736,
        "ratio": 1.0
      },
      {
        "index": 0,
        "label": ".face-rarity",
        "baseStd": 6.549980160610657,
        "waveStd": 6.549980160610657,
        "ratio": 1.0
      },
      {
        "index": 1,
        "label": ".face-name",
        "baseStd": 1.5157182462722227,
        "waveStd": 1.4931701022818396,
        "ratio": 0.9851237893019772
      },
      {
        "index": 1,
        "label": ".face-rarity",
        "baseStd": 9.9964184968254,
        "waveStd": 9.958511135579121,
        "ratio": 0.9962079057356074
      },
      {
        "index": 2,
        "label": ".face-name",
        "baseStd": 47.75024720488325,
        "waveStd": 47.75024720488325,
        "ratio": 1.0
      },
      {
        "index": 2,
        "label": ".face-rarity",
        "baseStd": 49.69506657681934,
        "waveStd": 49.69506657681934,
        "ratio": 1.0
      }
    ]
  },
  {
    "seed": 5,
    "canvasOpacity": 0.25,
    "cssOpacity": 1,
    "labels": [
      {
        "index": 0,
        "label": ".face-name",
        "baseStd": 7.322025137573736,
        "waveStd": 7.322025137573736,
        "ratio": 1.0
      },
      {
        "index": 0,
        "label": ".face-rarity",
        "baseStd": 5.799903117330266,
        "waveStd": 5.884499806528313,
        "ratio": 1.01458587970983
      },
      {
        "index": 1,
        "label": ".face-name",
        "baseStd": 14.593625782833668,
        "waveStd": 13.177049257081093,
        "ratio": 0.9029318315521782
      },
      {
        "index": 1,
        "label": ".face-rarity",
        "baseStd": 2.8067309462941794,
        "waveStd": 4.587037663684011,
        "ratio": 1.634299030243861
      },
      {
        "index": 2,
        "label": ".face-name",
        "baseStd": 47.75024720488325,
        "waveStd": 47.75024720488325,
        "ratio": 1.0
      },
      {
        "index": 2,
        "label": ".face-rarity",
        "baseStd": 49.69506657681934,
        "waveStd": 49.69506657681934,
        "ratio": 1.0
      }
    ]
  },
  {
    "seed": 5,
    "canvasOpacity": 0.12,
    "cssOpacity": 1,
    "labels": [
      {
        "index": 0,
        "label": ".face-name",
        "baseStd": 7.322025137573736,
        "waveStd": 7.322025137573736,
        "ratio": 1.0
      },
      {
        "index": 0,
        "label": ".face-rarity",
        "baseStd": 5.799903117330266,
        "waveStd": 5.884499806528313,
        "ratio": 1.01458587970983
      },
      {
        "index": 1,
        "label": ".face-name",
        "baseStd": 14.593625782833668,
        "waveStd": 13.212109403110997,
        "ratio": 0.9053342602941256
      },
      {
        "index": 1,
        "label": ".face-rarity",
        "baseStd": 2.8067309462941794,
        "waveStd": 4.61753413943104,
        "ratio": 1.6451645090982892
      },
      {
        "index": 2,
        "label": ".face-name",
        "baseStd": 47.75024720488325,
        "waveStd": 47.75024720488325,
        "ratio": 1.0
      },
      {
        "index": 2,
        "label": ".face-rarity",
        "baseStd": 49.69506657681934,
        "waveStd": 49.69506657681934,
        "ratio": 1.0
      }
    ]
  },
  {
    "seed": 5,
    "canvasOpacity": 0,
    "cssOpacity": 1,
    "labels": [
      {
        "index": 0,
        "label": ".face-name",
        "baseStd": 7.322025137573736,
        "waveStd": 7.322025137573736,
        "ratio": 1.0
      },
      {
        "index": 0,
        "label": ".face-rarity",
        "baseStd": 5.799903117330266,
        "waveStd": 5.884499806528313,
        "ratio": 1.01458587970983
      },
      {
        "index": 1,
        "label": ".face-name",
        "baseStd": 14.593625782833668,
        "waveStd": 13.217061703483298,
        "ratio": 0.9056736071052605
      },
      {
        "index": 1,
        "label": ".face-rarity",
        "baseStd": 2.8067309462941794,
        "waveStd": 4.62559344619869,
        "ratio": 1.6480359303074688
      },
      {
        "index": 2,
        "label": ".face-name",
        "baseStd": 47.75024720488325,
        "waveStd": 47.75024720488325,
        "ratio": 1.0
      },
      {
        "index": 2,
        "label": ".face-rarity",
        "baseStd": 49.69506657681934,
        "waveStd": 49.69506657681934,
        "ratio": 1.0
      }
    ]
  },
  {
    "seed": 5,
    "canvasOpacity": 0.25,
    "cssOpacity": 0.5,
    "labels": [
      {
        "index": 0,
        "label": ".face-name",
        "baseStd": 7.322025137573736,
        "waveStd": 7.322025137573736,
        "ratio": 1.0
      },
      {
        "index": 0,
        "label": ".face-rarity",
        "baseStd": 5.799903117330266,
        "waveStd": 5.847328833989079,
        "ratio": 1.0081769842873933
      },
      {
        "index": 1,
        "label": ".face-name",
        "baseStd": 14.593625782833668,
        "waveStd": 13.69048071814979,
        "ratio": 0.9381137300542379
      },
      {
        "index": 1,
        "label": ".face-rarity",
        "baseStd": 2.8067309462941794,
        "waveStd": 3.198706842485041,
        "ratio": 1.139655671915543
      },
      {
        "index": 2,
        "label": ".face-name",
        "baseStd": 47.75024720488325,
        "waveStd": 47.75024720488325,
        "ratio": 1.0
      },
      {
        "index": 2,
        "label": ".face-rarity",
        "baseStd": 49.69506657681934,
        "waveStd": 49.69506657681934,
        "ratio": 1.0
      }
    ]
  },
  {
    "seed": 5,
    "canvasOpacity": 0.25,
    "cssOpacity": 0,
    "labels": [
      {
        "index": 0,
        "label": ".face-name",
        "baseStd": 7.322025137573736,
        "waveStd": 7.322025137573736,
        "ratio": 1.0
      },
      {
        "index": 0,
        "label": ".face-rarity",
        "baseStd": 5.799903117330266,
        "waveStd": 5.799903117330266,
        "ratio": 1.0
      },
      {
        "index": 1,
        "label": ".face-name",
        "baseStd": 14.593625782833668,
        "waveStd": 14.570408647062969,
        "ratio": 0.998409090645725
      },
      {
        "index": 1,
        "label": ".face-rarity",
        "baseStd": 2.8067309462941794,
        "waveStd": 2.782022021522983,
        "ratio": 0.9911965467143117
      },
      {
        "index": 2,
        "label": ".face-name",
        "baseStd": 47.75024720488325,
        "waveStd": 47.75024720488325,
        "ratio": 1.0
      },
      {
        "index": 2,
        "label": ".face-rarity",
        "baseStd": 49.69506657681934,
        "waveStd": 49.69506657681934,
        "ratio": 1.0
      }
    ]
  },
  {
    "seed": 6,
    "canvasOpacity": 0.25,
    "cssOpacity": 1,
    "labels": [
      {
        "index": 0,
        "label": ".face-name",
        "baseStd": 4.315657850003098,
        "waveStd": 4.315657850003098,
        "ratio": 1.0
      },
      {
        "index": 0,
        "label": ".face-rarity",
        "baseStd": 13.993317255661239,
        "waveStd": 13.939695419898275,
        "ratio": 0.9961680397304455
      },
      {
        "index": 1,
        "label": ".face-name",
        "baseStd": 12.565329303500153,
        "waveStd": 12.260839181524757,
        "ratio": 0.9757674379540074
      },
      {
        "index": 1,
        "label": ".face-rarity",
        "baseStd": 12.372005348137101,
        "waveStd": 11.684441480304859,
        "ratio": 0.9444258349002596
      },
      {
        "index": 2,
        "label": ".face-name",
        "baseStd": 47.75024720488325,
        "waveStd": 47.75024720488325,
        "ratio": 1.0
      },
      {
        "index": 2,
        "label": ".face-rarity",
        "baseStd": 49.69506657681934,
        "waveStd": 49.69506657681934,
        "ratio": 1.0
      }
    ]
  },
  {
    "seed": 6,
    "canvasOpacity": 0.12,
    "cssOpacity": 1,
    "labels": [
      {
        "index": 0,
        "label": ".face-name",
        "baseStd": 4.315657850003098,
        "waveStd": 4.315657850003098,
        "ratio": 1.0
      },
      {
        "index": 0,
        "label": ".face-rarity",
        "baseStd": 13.993317255661239,
        "waveStd": 13.939695419898275,
        "ratio": 0.9961680397304455
      },
      {
        "index": 1,
        "label": ".face-name",
        "baseStd": 12.565329303500153,
        "waveStd": 12.284872635639234,
        "ratio": 0.9776801179589621
      },
      {
        "index": 1,
        "label": ".face-rarity",
        "baseStd": 12.372005348137101,
        "waveStd": 11.68843922436046,
        "ratio": 0.9447489631194211
      },
      {
        "index": 2,
        "label": ".face-name",
        "baseStd": 47.75024720488325,
        "waveStd": 47.75024720488325,
        "ratio": 1.0
      },
      {
        "index": 2,
        "label": ".face-rarity",
        "baseStd": 49.69506657681934,
        "waveStd": 49.69506657681934,
        "ratio": 1.0
      }
    ]
  },
  {
    "seed": 6,
    "canvasOpacity": 0,
    "cssOpacity": 1,
    "labels": [
      {
        "index": 0,
        "label": ".face-name",
        "baseStd": 4.315657850003098,
        "waveStd": 4.315657850003098,
        "ratio": 1.0
      },
      {
        "index": 0,
        "label": ".face-rarity",
        "baseStd": 13.993317255661239,
        "waveStd": 13.939695419898275,
        "ratio": 0.9961680397304455
      },
      {
        "index": 1,
        "label": ".face-name",
        "baseStd": 12.565329303500153,
        "waveStd": 12.288267801741014,
        "ratio": 0.9779503190830056
      },
      {
        "index": 1,
        "label": ".face-rarity",
        "baseStd": 12.372005348137101,
        "waveStd": 11.689512439422101,
        "ratio": 0.9448357085605555
      },
      {
        "index": 2,
        "label": ".face-name",
        "baseStd": 47.75024720488325,
        "waveStd": 47.75024720488325,
        "ratio": 1.0
      },
      {
        "index": 2,
        "label": ".face-rarity",
        "baseStd": 49.69506657681934,
        "waveStd": 49.69506657681934,
        "ratio": 1.0
      }
    ]
  },
  {
    "seed": 6,
    "canvasOpacity": 0.25,
    "cssOpacity": 0.5,
    "labels": [
      {
        "index": 0,
        "label": ".face-name",
        "baseStd": 4.315657850003098,
        "waveStd": 4.315657850003098,
        "ratio": 1.0
      },
      {
        "index": 0,
        "label": ".face-rarity",
        "baseStd": 13.993317255661239,
        "waveStd": 13.954644913052782,
        "ratio": 0.9972363706259277
      },
      {
        "index": 1,
        "label": ".face-name",
        "baseStd": 12.565329303500153,
        "waveStd": 12.275267085678198,
        "ratio": 0.9769156692342988
      },
      {
        "index": 1,
        "label": ".face-rarity",
        "baseStd": 12.372005348137101,
        "waveStd": 11.863859724208131,
        "ratio": 0.9589277882097357
      },
      {
        "index": 2,
        "label": ".face-name",
        "baseStd": 47.75024720488325,
        "waveStd": 47.75024720488325,
        "ratio": 1.0
      },
      {
        "index": 2,
        "label": ".face-rarity",
        "baseStd": 49.69506657681934,
        "waveStd": 49.69506657681934,
        "ratio": 1.0
      }
    ]
  },
  {
    "seed": 6,
    "canvasOpacity": 0.25,
    "cssOpacity": 0,
    "labels": [
      {
        "index": 0,
        "label": ".face-name",
        "baseStd": 4.315657850003098,
        "waveStd": 4.315657850003098,
        "ratio": 1.0
      },
      {
        "index": 0,
        "label": ".face-rarity",
        "baseStd": 13.993317255661239,
        "waveStd": 13.993317255661239,
        "ratio": 1.0
      },
      {
        "index": 1,
        "label": ".face-name",
        "baseStd": 12.565329303500153,
        "waveStd": 12.54378375406736,
        "ratio": 0.9982853175661068
      },
      {
        "index": 1,
        "label": ".face-rarity",
        "baseStd": 12.372005348137101,
        "waveStd": 12.368715117787303,
        "ratio": 0.9997340584442689
      },
      {
        "index": 2,
        "label": ".face-name",
        "baseStd": 47.75024720488325,
        "waveStd": 47.75024720488325,
        "ratio": 1.0
      },
      {
        "index": 2,
        "label": ".face-rarity",
        "baseStd": 49.69506657681934,
        "waveStd": 49.69506657681934,
        "ratio": 1.0
      }
    ]
  },
  {
    "seed": 7,
    "canvasOpacity": 0.25,
    "cssOpacity": 1,
    "labels": [
      {
        "index": 0,
        "label": ".face-name",
        "baseStd": 18.098300714364367,
        "waveStd": 18.098300714364367,
        "ratio": 1.0
      },
      {
        "index": 0,
        "label": ".face-rarity",
        "baseStd": 17.29316719770423,
        "waveStd": 17.294071227247333,
        "ratio": 1.0000522766901383
      },
      {
        "index": 1,
        "label": ".face-name",
        "baseStd": 13.60777654278332,
        "waveStd": 14.910872607635346,
        "ratio": 1.095761130464999
      },
      {
        "index": 1,
        "label": ".face-rarity",
        "baseStd": 12.232936499928265,
        "waveStd": 11.698438860000834,
        "ratio": 0.9563066774743281
      },
      {
        "index": 2,
        "label": ".face-name",
        "baseStd": 47.75024720488325,
        "waveStd": 47.75024720488325,
        "ratio": 1.0
      },
      {
        "index": 2,
        "label": ".face-rarity",
        "baseStd": 49.69506657681934,
        "waveStd": 49.69506657681934,
        "ratio": 1.0
      }
    ]
  },
  {
    "seed": 7,
    "canvasOpacity": 0.12,
    "cssOpacity": 1,
    "labels": [
      {
        "index": 0,
        "label": ".face-name",
        "baseStd": 18.098300714364367,
        "waveStd": 18.098300714364367,
        "ratio": 1.0
      },
      {
        "index": 0,
        "label": ".face-rarity",
        "baseStd": 17.29316719770423,
        "waveStd": 17.294071227247333,
        "ratio": 1.0000522766901383
      },
      {
        "index": 1,
        "label": ".face-name",
        "baseStd": 13.60777654278332,
        "waveStd": 14.936380612483141,
        "ratio": 1.0976356471994264
      },
      {
        "index": 1,
        "label": ".face-rarity",
        "baseStd": 12.232936499928265,
        "waveStd": 11.704042709116335,
        "ratio": 0.9567647726435079
      },
      {
        "index": 2,
        "label": ".face-name",
        "baseStd": 47.75024720488325,
        "waveStd": 47.75024720488325,
        "ratio": 1.0
      },
      {
        "index": 2,
        "label": ".face-rarity",
        "baseStd": 49.69506657681934,
        "waveStd": 49.69506657681934,
        "ratio": 1.0
      }
    ]
  },
  {
    "seed": 7,
    "canvasOpacity": 0,
    "cssOpacity": 1,
    "labels": [
      {
        "index": 0,
        "label": ".face-name",
        "baseStd": 18.098300714364367,
        "waveStd": 18.098300714364367,
        "ratio": 1.0
      },
      {
        "index": 0,
        "label": ".face-rarity",
        "baseStd": 17.29316719770423,
        "waveStd": 17.294071227247333,
        "ratio": 1.0000522766901383
      },
      {
        "index": 1,
        "label": ".face-name",
        "baseStd": 13.60777654278332,
        "waveStd": 14.939031533446306,
        "ratio": 1.0978304564656447
      },
      {
        "index": 1,
        "label": ".face-rarity",
        "baseStd": 12.232936499928265,
        "waveStd": 11.705517143716488,
        "ratio": 0.9568853025424542
      },
      {
        "index": 2,
        "label": ".face-name",
        "baseStd": 47.75024720488325,
        "waveStd": 47.75024720488325,
        "ratio": 1.0
      },
      {
        "index": 2,
        "label": ".face-rarity",
        "baseStd": 49.69506657681934,
        "waveStd": 49.69506657681934,
        "ratio": 1.0
      }
    ]
  },
  {
    "seed": 7,
    "canvasOpacity": 0.25,
    "cssOpacity": 0.5,
    "labels": [
      {
        "index": 0,
        "label": ".face-name",
        "baseStd": 18.098300714364367,
        "waveStd": 18.098300714364367,
        "ratio": 1.0
      },
      {
        "index": 0,
        "label": ".face-rarity",
        "baseStd": 17.29316719770423,
        "waveStd": 17.294071227247333,
        "ratio": 1.0000522766901383
      },
      {
        "index": 1,
        "label": ".face-name",
        "baseStd": 13.60777654278332,
        "waveStd": 14.230823031780353,
        "ratio": 1.0457860611568799
      },
      {
        "index": 1,
        "label": ".face-rarity",
        "baseStd": 12.232936499928265,
        "waveStd": 11.797915230326275,
        "ratio": 0.9644385246662124
      },
      {
        "index": 2,
        "label": ".face-name",
        "baseStd": 47.75024720488325,
        "waveStd": 47.75024720488325,
        "ratio": 1.0
      },
      {
        "index": 2,
        "label": ".face-rarity",
        "baseStd": 49.69506657681934,
        "waveStd": 49.69506657681934,
        "ratio": 1.0
      }
    ]
  },
  {
    "seed": 7,
    "canvasOpacity": 0.25,
    "cssOpacity": 0,
    "labels": [
      {
        "index": 0,
        "label": ".face-name",
        "baseStd": 18.098300714364367,
        "waveStd": 18.098300714364367,
        "ratio": 1.0
      },
      {
        "index": 0,
        "label": ".face-rarity",
        "baseStd": 17.29316719770423,
        "waveStd": 17.29316719770423,
        "ratio": 1.0
      },
      {
        "index": 1,
        "label": ".face-name",
        "baseStd": 13.60777654278332,
        "waveStd": 13.583511691171687,
        "ratio": 0.998216839353928
      },
      {
        "index": 1,
        "label": ".face-rarity",
        "baseStd": 12.232936499928265,
        "waveStd": 12.226743729657466,
        "ratio": 0.9994937625752546
      },
      {
        "index": 2,
        "label": ".face-name",
        "baseStd": 47.75024720488325,
        "waveStd": 47.75024720488325,
        "ratio": 1.0
      },
      {
        "index": 2,
        "label": ".face-rarity",
        "baseStd": 49.69506657681934,
        "waveStd": 49.69506657681934,
        "ratio": 1.0
      }
    ]
  },
  {
    "seed": 8,
    "canvasOpacity": 0.25,
    "cssOpacity": 1,
    "labels": [
      {
        "index": 0,
        "label": ".face-name",
        "baseStd": 17.1734036437426,
        "waveStd": 17.1734036437426,
        "ratio": 1.0
      },
      {
        "index": 0,
        "label": ".face-rarity",
        "baseStd": 5.799903117330266,
        "waveStd": 5.884499806528313,
        "ratio": 1.01458587970983
      },
      {
        "index": 1,
        "label": ".face-name",
        "baseStd": 17.92963844555046,
        "waveStd": 15.27057481870216,
        "ratio": 0.8516945205045007
      },
      {
        "index": 1,
        "label": ".face-rarity",
        "baseStd": 8.405364338600316,
        "waveStd": 9.557415070273175,
        "ratio": 1.1370613676295085
      },
      {
        "index": 2,
        "label": ".face-name",
        "baseStd": 47.75024720488325,
        "waveStd": 47.75024720488325,
        "ratio": 1.0
      },
      {
        "index": 2,
        "label": ".face-rarity",
        "baseStd": 49.69506657681934,
        "waveStd": 49.69506657681934,
        "ratio": 1.0
      }
    ]
  },
  {
    "seed": 8,
    "canvasOpacity": 0.12,
    "cssOpacity": 1,
    "labels": [
      {
        "index": 0,
        "label": ".face-name",
        "baseStd": 17.1734036437426,
        "waveStd": 17.1734036437426,
        "ratio": 1.0
      },
      {
        "index": 0,
        "label": ".face-rarity",
        "baseStd": 5.799903117330266,
        "waveStd": 5.884499806528313,
        "ratio": 1.01458587970983
      },
      {
        "index": 1,
        "label": ".face-name",
        "baseStd": 17.92963844555046,
        "waveStd": 15.300885107464403,
        "ratio": 0.8533850336096194
      },
      {
        "index": 1,
        "label": ".face-rarity",
        "baseStd": 8.405364338600316,
        "waveStd": 9.582373577060336,
        "ratio": 1.1400307221728379
      },
      {
        "index": 2,
        "label": ".face-name",
        "baseStd": 47.75024720488325,
        "waveStd": 47.75024720488325,
        "ratio": 1.0
      },
      {
        "index": 2,
        "label": ".face-rarity",
        "baseStd": 49.69506657681934,
        "waveStd": 49.69506657681934,
        "ratio": 1.0
      }
    ]
  },
  {
    "seed": 8,
    "canvasOpacity": 0,
    "cssOpacity": 1,
    "labels": [
      {
        "index": 0,
        "label": ".face-name",
        "baseStd": 17.1734036437426,
        "waveStd": 17.1734036437426,
        "ratio": 1.0
      },
      {
        "index": 0,
        "label": ".face-rarity",
        "baseStd": 5.799903117330266,
        "waveStd": 5.884499806528313,
        "ratio": 1.01458587970983
      },
      {
        "index": 1,
        "label": ".face-name",
        "baseStd": 17.92963844555046,
        "waveStd": 15.302017069519446,
        "ratio": 0.8534481671780112
      },
      {
        "index": 1,
        "label": ".face-rarity",
        "baseStd": 8.405364338600316,
        "waveStd": 9.589016033854364,
        "ratio": 1.1408209861669307
      },
      {
        "index": 2,
        "label": ".face-name",
        "baseStd": 47.75024720488325,
        "waveStd": 47.75024720488325,
        "ratio": 1.0
      },
      {
        "index": 2,
        "label": ".face-rarity",
        "baseStd": 49.69506657681934,
        "waveStd": 49.69506657681934,
        "ratio": 1.0
      }
    ]
  },
  {
    "seed": 8,
    "canvasOpacity": 0.25,
    "cssOpacity": 0.5,
    "labels": [
      {
        "index": 0,
        "label": ".face-name",
        "baseStd": 17.1734036437426,
        "waveStd": 17.1734036437426,
        "ratio": 1.0
      },
      {
        "index": 0,
        "label": ".face-rarity",
        "baseStd": 5.799903117330266,
        "waveStd": 5.847328833989079,
        "ratio": 1.0081769842873933
      },
      {
        "index": 1,
        "label": ".face-name",
        "baseStd": 17.92963844555046,
        "waveStd": 16.46256287901468,
        "ratio": 0.9181759536874622
      },
      {
        "index": 1,
        "label": ".face-rarity",
        "baseStd": 8.405364338600316,
        "waveStd": 8.829989197128194,
        "ratio": 1.0505183168060728
      },
      {
        "index": 2,
        "label": ".face-name",
        "baseStd": 47.75024720488325,
        "waveStd": 47.75024720488325,
        "ratio": 1.0
      },
      {
        "index": 2,
        "label": ".face-rarity",
        "baseStd": 49.69506657681934,
        "waveStd": 49.69506657681934,
        "ratio": 1.0
      }
    ]
  },
  {
    "seed": 8,
    "canvasOpacity": 0.25,
    "cssOpacity": 0,
    "labels": [
      {
        "index": 0,
        "label": ".face-name",
        "baseStd": 17.1734036437426,
        "waveStd": 17.1734036437426,
        "ratio": 1.0
      },
      {
        "index": 0,
        "label": ".face-rarity",
        "baseStd": 5.799903117330266,
        "waveStd": 5.799903117330266,
        "ratio": 1.0
      },
      {
        "index": 1,
        "label": ".face-name",
        "baseStd": 17.92963844555046,
        "waveStd": 17.910218893346727,
        "ratio": 0.9989169021861368
      },
      {
        "index": 1,
        "label": ".face-rarity",
        "baseStd": 8.405364338600316,
        "waveStd": 8.381332607719411,
        "ratio": 0.9971409055083379
      },
      {
        "index": 2,
        "label": ".face-name",
        "baseStd": 47.75024720488325,
        "waveStd": 47.75024720488325,
        "ratio": 1.0
      },
      {
        "index": 2,
        "label": ".face-rarity",
        "baseStd": 49.69506657681934,
        "waveStd": 49.69506657681934,
        "ratio": 1.0
      }
    ]
  },
  {
    "seed": 9,
    "canvasOpacity": 0.25,
    "cssOpacity": 1,
    "labels": [
      {
        "index": 0,
        "label": ".face-name",
        "baseStd": 27.39170674409211,
        "waveStd": 27.39170674409211,
        "ratio": 1.0
      },
      {
        "index": 0,
        "label": ".face-rarity",
        "baseStd": 5.799903117330266,
        "waveStd": 5.884499806528313,
        "ratio": 1.01458587970983
      },
      {
        "index": 1,
        "label": ".face-name",
        "baseStd": 6.250463624107544,
        "waveStd": 3.7388684254520337,
        "ratio": 0.5981745755677249
      },
      {
        "index": 1,
        "label": ".face-rarity",
        "baseStd": 17.056680597756884,
        "waveStd": 15.170530599937438,
        "ratio": 0.8894186950966595
      },
      {
        "index": 2,
        "label": ".face-name",
        "baseStd": 47.75024720488325,
        "waveStd": 47.75024720488325,
        "ratio": 1.0
      },
      {
        "index": 2,
        "label": ".face-rarity",
        "baseStd": 49.69506657681934,
        "waveStd": 49.69506657681934,
        "ratio": 1.0
      }
    ]
  },
  {
    "seed": 9,
    "canvasOpacity": 0.12,
    "cssOpacity": 1,
    "labels": [
      {
        "index": 0,
        "label": ".face-name",
        "baseStd": 27.39170674409211,
        "waveStd": 27.39170674409211,
        "ratio": 1.0
      },
      {
        "index": 0,
        "label": ".face-rarity",
        "baseStd": 5.799903117330266,
        "waveStd": 5.884499806528313,
        "ratio": 1.01458587970983
      },
      {
        "index": 1,
        "label": ".face-name",
        "baseStd": 6.250463624107544,
        "waveStd": 3.7422292650340365,
        "ratio": 0.598712270014748
      },
      {
        "index": 1,
        "label": ".face-rarity",
        "baseStd": 17.056680597756884,
        "waveStd": 15.173019968285512,
        "ratio": 0.8895646419198885
      },
      {
        "index": 2,
        "label": ".face-name",
        "baseStd": 47.75024720488325,
        "waveStd": 47.75024720488325,
        "ratio": 1.0
      },
      {
        "index": 2,
        "label": ".face-rarity",
        "baseStd": 49.69506657681934,
        "waveStd": 49.69506657681934,
        "ratio": 1.0
      }
    ]
  },
  {
    "seed": 9,
    "canvasOpacity": 0,
    "cssOpacity": 1,
    "labels": [
      {
        "index": 0,
        "label": ".face-name",
        "baseStd": 27.39170674409211,
        "waveStd": 27.39170674409211,
        "ratio": 1.0
      },
      {
        "index": 0,
        "label": ".face-rarity",
        "baseStd": 5.799903117330266,
        "waveStd": 5.884499806528313,
        "ratio": 1.01458587970983
      },
      {
        "index": 1,
        "label": ".face-name",
        "baseStd": 6.250463624107544,
        "waveStd": 3.746793516094472,
        "ratio": 0.5994424960163571
      },
      {
        "index": 1,
        "label": ".face-rarity",
        "baseStd": 17.056680597756884,
        "waveStd": 15.175577049287915,
        "ratio": 0.889714558604307
      },
      {
        "index": 2,
        "label": ".face-name",
        "baseStd": 47.75024720488325,
        "waveStd": 47.75024720488325,
        "ratio": 1.0
      },
      {
        "index": 2,
        "label": ".face-rarity",
        "baseStd": 49.69506657681934,
        "waveStd": 49.69506657681934,
        "ratio": 1.0
      }
    ]
  },
  {
    "seed": 9,
    "canvasOpacity": 0.25,
    "cssOpacity": 0.5,
    "labels": [
      {
        "index": 0,
        "label": ".face-name",
        "baseStd": 27.39170674409211,
        "waveStd": 27.39170674409211,
        "ratio": 1.0
      },
      {
        "index": 0,
        "label": ".face-rarity",
        "baseStd": 5.799903117330266,
        "waveStd": 5.847328833989079,
        "ratio": 1.0081769842873933
      },
      {
        "index": 1,
        "label": ".face-name",
        "baseStd": 6.250463624107544,
        "waveStd": 4.612055820738053,
        "ratio": 0.7378741959155988
      },
      {
        "index": 1,
        "label": ".face-rarity",
        "baseStd": 17.056680597756884,
        "waveStd": 15.938404254868695,
        "ratio": 0.9344376336017424
      },
      {
        "index": 2,
        "label": ".face-name",
        "baseStd": 47.75024720488325,
        "waveStd": 47.75024720488325,
        "ratio": 1.0
      },
      {
        "index": 2,
        "label": ".face-rarity",
        "baseStd": 49.69506657681934,
        "waveStd": 49.69506657681934,
        "ratio": 1.0
      }
    ]
  },
  {
    "seed": 9,
    "canvasOpacity": 0.25,
    "cssOpacity": 0,
    "labels": [
      {
        "index": 0,
        "label": ".face-name",
        "baseStd": 27.39170674409211,
        "waveStd": 27.39170674409211,
        "ratio": 1.0
      },
      {
        "index": 0,
        "label": ".face-rarity",
        "baseStd": 5.799903117330266,
        "waveStd": 5.799903117330266,
        "ratio": 1.0
      },
      {
        "index": 1,
        "label": ".face-name",
        "baseStd": 6.250463624107544,
        "waveStd": 6.256792425397818,
        "ratio": 1.0010125330968833
      },
      {
        "index": 1,
        "label": ".face-rarity",
        "baseStd": 17.056680597756884,
        "waveStd": 17.05542527150969,
        "ratio": 0.9999264026643403
      },
      {
        "index": 2,
        "label": ".face-name",
        "baseStd": 47.75024720488325,
        "waveStd": 47.75024720488325,
        "ratio": 1.0
      },
      {
        "index": 2,
        "label": ".face-rarity",
        "baseStd": 49.69506657681934,
        "waveStd": 49.69506657681934,
        "ratio": 1.0
      }
    ]
  },
  {
    "seed": 10,
    "canvasOpacity": 0.25,
    "cssOpacity": 1,
    "labels": [
      {
        "index": 0,
        "label": ".face-name",
        "baseStd": 7.322025137573736,
        "waveStd": 7.322025137573736,
        "ratio": 1.0
      },
      {
        "index": 0,
        "label": ".face-rarity",
        "baseStd": 32.660749355008186,
        "waveStd": 32.66396520027527,
        "ratio": 1.000098462078507
      },
      {
        "index": 1,
        "label": ".face-name",
        "baseStd": 7.854958526520292,
        "waveStd": 6.235181486429861,
        "ratio": 0.7937892307614787
      },
      {
        "index": 1,
        "label": ".face-rarity",
        "baseStd": 14.711397741048986,
        "waveStd": 13.504531625736986,
        "ratio": 0.917963871512732
      },
      {
        "index": 2,
        "label": ".face-name",
        "baseStd": 47.75024720488325,
        "waveStd": 47.75024720488325,
        "ratio": 1.0
      },
      {
        "index": 2,
        "label": ".face-rarity",
        "baseStd": 49.69506657681934,
        "waveStd": 49.69506657681934,
        "ratio": 1.0
      }
    ]
  },
  {
    "seed": 10,
    "canvasOpacity": 0.12,
    "cssOpacity": 1,
    "labels": [
      {
        "index": 0,
        "label": ".face-name",
        "baseStd": 7.322025137573736,
        "waveStd": 7.322025137573736,
        "ratio": 1.0
      },
      {
        "index": 0,
        "label": ".face-rarity",
        "baseStd": 32.660749355008186,
        "waveStd": 32.66396520027527,
        "ratio": 1.000098462078507
      },
      {
        "index": 1,
        "label": ".face-name",
        "baseStd": 7.854958526520292,
        "waveStd": 6.234818186254349,
        "ratio": 0.7937429796992629
      },
      {
        "index": 1,
        "label": ".face-rarity",
        "baseStd": 14.711397741048986,
        "waveStd": 13.50651998081558,
        "ratio": 0.9180990289677606
      },
      {
        "index": 2,
        "label": ".face-name",
        "baseStd": 47.75024720488325,
        "waveStd": 47.75024720488325,
        "ratio": 1.0
      },
      {
        "index": 2,
        "label": ".face-rarity",
        "baseStd": 49.69506657681934,
        "waveStd": 49.69506657681934,
        "ratio": 1.0
      }
    ]
  },
  {
    "seed": 10,
    "canvasOpacity": 0,
    "cssOpacity": 1,
    "labels": [
      {
        "index": 0,
        "label": ".face-name",
        "baseStd": 7.322025137573736,
        "waveStd": 7.322025137573736,
        "ratio": 1.0
      },
      {
        "index": 0,
        "label": ".face-rarity",
        "baseStd": 32.660749355008186,
        "waveStd": 32.66396520027527,
        "ratio": 1.000098462078507
      },
      {
        "index": 1,
        "label": ".face-name",
        "baseStd": 7.854958526520292,
        "waveStd": 6.234862472998607,
        "ratio": 0.7937486177614003
      },
      {
        "index": 1,
        "label": ".face-rarity",
        "baseStd": 14.711397741048986,
        "waveStd": 13.507081059714254,
        "ratio": 0.9181371680289532
      },
      {
        "index": 2,
        "label": ".face-name",
        "baseStd": 47.75024720488325,
        "waveStd": 47.75024720488325,
        "ratio": 1.0
      },
      {
        "index": 2,
        "label": ".face-rarity",
        "baseStd": 49.69506657681934,
        "waveStd": 49.69506657681934,
        "ratio": 1.0
      }
    ]
  },
  {
    "seed": 10,
    "canvasOpacity": 0.25,
    "cssOpacity": 0.5,
    "labels": [
      {
        "index": 0,
        "label": ".face-name",
        "baseStd": 7.322025137573736,
        "waveStd": 7.322025137573736,
        "ratio": 1.0
      },
      {
        "index": 0,
        "label": ".face-rarity",
        "baseStd": 32.660749355008186,
        "waveStd": 32.66235733912295,
        "ratio": 1.0000492329216726
      },
      {
        "index": 1,
        "label": ".face-name",
        "baseStd": 7.854958526520292,
        "waveStd": 6.74574540843409,
        "ratio": 0.8587881636368642
      },
      {
        "index": 1,
        "label": ".face-rarity",
        "baseStd": 14.711397741048986,
        "waveStd": 13.942778868091603,
        "ratio": 0.9477535114958712
      },
      {
        "index": 2,
        "label": ".face-name",
        "baseStd": 47.75024720488325,
        "waveStd": 47.75024720488325,
        "ratio": 1.0
      },
      {
        "index": 2,
        "label": ".face-rarity",
        "baseStd": 49.69506657681934,
        "waveStd": 49.69506657681934,
        "ratio": 1.0
      }
    ]
  },
  {
    "seed": 10,
    "canvasOpacity": 0.25,
    "cssOpacity": 0,
    "labels": [
      {
        "index": 0,
        "label": ".face-name",
        "baseStd": 7.322025137573736,
        "waveStd": 7.322025137573736,
        "ratio": 1.0
      },
      {
        "index": 0,
        "label": ".face-rarity",
        "baseStd": 32.660749355008186,
        "waveStd": 32.660749355008186,
        "ratio": 1.0
      },
      {
        "index": 1,
        "label": ".face-name",
        "baseStd": 7.854958526520292,
        "waveStd": 7.864100869467908,
        "ratio": 1.0011638944899262
      },
      {
        "index": 1,
        "label": ".face-rarity",
        "baseStd": 14.711397741048986,
        "waveStd": 14.711307872691231,
        "ratio": 0.9999938912427401
      },
      {
        "index": 2,
        "label": ".face-name",
        "baseStd": 47.75024720488325,
        "waveStd": 47.75024720488325,
        "ratio": 1.0
      },
      {
        "index": 2,
        "label": ".face-rarity",
        "baseStd": 49.69506657681934,
        "waveStd": 49.69506657681934,
        "ratio": 1.0
      }
    ]
  },
  {
    "seed": 11,
    "canvasOpacity": 0.25,
    "cssOpacity": 1,
    "labels": [
      {
        "index": 0,
        "label": ".face-name",
        "baseStd": 7.322025137573736,
        "waveStd": 7.322025137573736,
        "ratio": 1.0
      },
      {
        "index": 0,
        "label": ".face-rarity",
        "baseStd": 5.799903117330266,
        "waveStd": 5.884499806528313,
        "ratio": 1.01458587970983
      },
      {
        "index": 1,
        "label": ".face-name",
        "baseStd": 17.92523525056467,
        "waveStd": 15.383491627582448,
        "ratio": 0.8582030535469736
      },
      {
        "index": 1,
        "label": ".face-rarity",
        "baseStd": 13.105219649731866,
        "waveStd": 14.738644603306149,
        "ratio": 1.1246392656690574
      },
      {
        "index": 2,
        "label": ".face-name",
        "baseStd": 47.75024720488325,
        "waveStd": 47.75024720488325,
        "ratio": 1.0
      },
      {
        "index": 2,
        "label": ".face-rarity",
        "baseStd": 49.69506657681934,
        "waveStd": 49.69506657681934,
        "ratio": 1.0
      }
    ]
  },
  {
    "seed": 11,
    "canvasOpacity": 0.12,
    "cssOpacity": 1,
    "labels": [
      {
        "index": 0,
        "label": ".face-name",
        "baseStd": 7.322025137573736,
        "waveStd": 7.322025137573736,
        "ratio": 1.0
      },
      {
        "index": 0,
        "label": ".face-rarity",
        "baseStd": 5.799903117330266,
        "waveStd": 5.884499806528313,
        "ratio": 1.01458587970983
      },
      {
        "index": 1,
        "label": ".face-name",
        "baseStd": 17.92523525056467,
        "waveStd": 15.414633633136223,
        "ratio": 0.8599403811255778
      },
      {
        "index": 1,
        "label": ".face-rarity",
        "baseStd": 13.105219649731866,
        "waveStd": 14.7399679388555,
        "ratio": 1.1247402434156897
      },
      {
        "index": 2,
        "label": ".face-name",
        "baseStd": 47.75024720488325,
        "waveStd": 47.75024720488325,
        "ratio": 1.0
      },
      {
        "index": 2,
        "label": ".face-rarity",
        "baseStd": 49.69506657681934,
        "waveStd": 49.69506657681934,
        "ratio": 1.0
      }
    ]
  },
  {
    "seed": 11,
    "canvasOpacity": 0,
    "cssOpacity": 1,
    "labels": [
      {
        "index": 0,
        "label": ".face-name",
        "baseStd": 7.322025137573736,
        "waveStd": 7.322025137573736,
        "ratio": 1.0
      },
      {
        "index": 0,
        "label": ".face-rarity",
        "baseStd": 5.799903117330266,
        "waveStd": 5.884499806528313,
        "ratio": 1.01458587970983
      },
      {
        "index": 1,
        "label": ".face-name",
        "baseStd": 17.92523525056467,
        "waveStd": 15.416284730172388,
        "ratio": 0.8600324913273735
      },
      {
        "index": 1,
        "label": ".face-rarity",
        "baseStd": 13.105219649731866,
        "waveStd": 14.743853385576916,
        "ratio": 1.1250367242702854
      },
      {
        "index": 2,
        "label": ".face-name",
        "baseStd": 47.75024720488325,
        "waveStd": 47.75024720488325,
        "ratio": 1.0
      },
      {
        "index": 2,
        "label": ".face-rarity",
        "baseStd": 49.69506657681934,
        "waveStd": 49.69506657681934,
        "ratio": 1.0
      }
    ]
  },
  {
    "seed": 11,
    "canvasOpacity": 0.25,
    "cssOpacity": 0.5,
    "labels": [
      {
        "index": 0,
        "label": ".face-name",
        "baseStd": 7.322025137573736,
        "waveStd": 7.322025137573736,
        "ratio": 1.0
      },
      {
        "index": 0,
        "label": ".face-rarity",
        "baseStd": 5.799903117330266,
        "waveStd": 5.847328833989079,
        "ratio": 1.0081769842873933
      },
      {
        "index": 1,
        "label": ".face-name",
        "baseStd": 17.92523525056467,
        "waveStd": 16.511712500774983,
        "ratio": 0.9211434198753315
      },
      {
        "index": 1,
        "label": ".face-rarity",
        "baseStd": 13.105219649731866,
        "waveStd": 13.937579917612858,
        "ratio": 1.0635136449542852
      },
      {
        "index": 2,
        "label": ".face-name",
        "baseStd": 47.75024720488325,
        "waveStd": 47.75024720488325,
        "ratio": 1.0
      },
      {
        "index": 2,
        "label": ".face-rarity",
        "baseStd": 49.69506657681934,
        "waveStd": 49.69506657681934,
        "ratio": 1.0
      }
    ]
  },
  {
    "seed": 11,
    "canvasOpacity": 0.25,
    "cssOpacity": 0,
    "labels": [
      {
        "index": 0,
        "label": ".face-name",
        "baseStd": 7.322025137573736,
        "waveStd": 7.322025137573736,
        "ratio": 1.0
      },
      {
        "index": 0,
        "label": ".face-rarity",
        "baseStd": 5.799903117330266,
        "waveStd": 5.799903117330266,
        "ratio": 1.0
      },
      {
        "index": 1,
        "label": ".face-name",
        "baseStd": 17.92523525056467,
        "waveStd": 17.904554088848844,
        "ratio": 0.9988462543767634
      },
      {
        "index": 1,
        "label": ".face-rarity",
        "baseStd": 13.105219649731866,
        "waveStd": 13.109611007547597,
        "ratio": 1.0003350846405554
      },
      {
        "index": 2,
        "label": ".face-name",
        "baseStd": 47.75024720488325,
        "waveStd": 47.75024720488325,
        "ratio": 1.0
      },
      {
        "index": 2,
        "label": ".face-rarity",
        "baseStd": 49.69506657681934,
        "waveStd": 49.69506657681934,
        "ratio": 1.0
      }
    ]
  },
  {
    "seed": 12,
    "canvasOpacity": 0.25,
    "cssOpacity": 1,
    "labels": [
      {
        "index": 0,
        "label": ".face-name",
        "baseStd": 11.952486703716962,
        "waveStd": 11.952486703716962,
        "ratio": 1.0
      },
      {
        "index": 0,
        "label": ".face-rarity",
        "baseStd": 5.799903117330266,
        "waveStd": 5.884499806528313,
        "ratio": 1.01458587970983
      },
      {
        "index": 1,
        "label": ".face-name",
        "baseStd": 16.401833736319247,
        "waveStd": 15.496734742579081,
        "ratio": 0.9448172071311777
      },
      {
        "index": 1,
        "label": ".face-rarity",
        "baseStd": 18.64493552520346,
        "waveStd": 16.898255673016706,
        "ratio": 0.9063188043838679
      },
      {
        "index": 2,
        "label": ".face-name",
        "baseStd": 47.75024720488325,
        "waveStd": 47.75024720488325,
        "ratio": 1.0
      },
      {
        "index": 2,
        "label": ".face-rarity",
        "baseStd": 49.69506657681934,
        "waveStd": 49.69506657681934,
        "ratio": 1.0
      }
    ]
  },
  {
    "seed": 12,
    "canvasOpacity": 0.12,
    "cssOpacity": 1,
    "labels": [
      {
        "index": 0,
        "label": ".face-name",
        "baseStd": 11.952486703716962,
        "waveStd": 11.952486703716962,
        "ratio": 1.0
      },
      {
        "index": 0,
        "label": ".face-rarity",
        "baseStd": 5.799903117330266,
        "waveStd": 5.884499806528313,
        "ratio": 1.01458587970983
      },
      {
        "index": 1,
        "label": ".face-name",
        "baseStd": 16.401833736319247,
        "waveStd": 15.526538183779927,
        "ratio": 0.9466342869577371
      },
      {
        "index": 1,
        "label": ".face-rarity",
        "baseStd": 18.64493552520346,
        "waveStd": 16.89977925480951,
        "ratio": 0.9064005199677456
      },
      {
        "index": 2,
        "label": ".face-name",
        "baseStd": 47.75024720488325,
        "waveStd": 47.75024720488325,
        "ratio": 1.0
      },
      {
        "index": 2,
        "label": ".face-rarity",
        "baseStd": 49.69506657681934,
        "waveStd": 49.69506657681934,
        "ratio": 1.0
      }
    ]
  },
  {
    "seed": 12,
    "canvasOpacity": 0,
    "cssOpacity": 1,
    "labels": [
      {
        "index": 0,
        "label": ".face-name",
        "baseStd": 11.952486703716962,
        "waveStd": 11.952486703716962,
        "ratio": 1.0
      },
      {
        "index": 0,
        "label": ".face-rarity",
        "baseStd": 5.799903117330266,
        "waveStd": 5.884499806528313,
        "ratio": 1.01458587970983
      },
      {
        "index": 1,
        "label": ".face-name",
        "baseStd": 16.401833736319247,
        "waveStd": 15.530813835715858,
        "ratio": 0.9468949682940234
      },
      {
        "index": 1,
        "label": ".face-rarity",
        "baseStd": 18.64493552520346,
        "waveStd": 16.900054584731947,
        "ratio": 0.9064152869763022
      },
      {
        "index": 2,
        "label": ".face-name",
        "baseStd": 47.75024720488325,
        "waveStd": 47.75024720488325,
        "ratio": 1.0
      },
      {
        "index": 2,
        "label": ".face-rarity",
        "baseStd": 49.69506657681934,
        "waveStd": 49.69506657681934,
        "ratio": 1.0
      }
    ]
  },
  {
    "seed": 12,
    "canvasOpacity": 0.25,
    "cssOpacity": 0.5,
    "labels": [
      {
        "index": 0,
        "label": ".face-name",
        "baseStd": 11.952486703716962,
        "waveStd": 11.952486703716962,
        "ratio": 1.0
      },
      {
        "index": 0,
        "label": ".face-rarity",
        "baseStd": 5.799903117330266,
        "waveStd": 5.847328833989079,
        "ratio": 1.0081769842873933
      },
      {
        "index": 1,
        "label": ".face-name",
        "baseStd": 16.401833736319247,
        "waveStd": 15.832883249201114,
        "ratio": 0.9653117757279612
      },
      {
        "index": 1,
        "label": ".face-rarity",
        "baseStd": 18.64493552520346,
        "waveStd": 17.639985044368927,
        "ratio": 0.9461006191479674
      },
      {
        "index": 2,
        "label": ".face-name",
        "baseStd": 47.75024720488325,
        "waveStd": 47.75024720488325,
        "ratio": 1.0
      },
      {
        "index": 2,
        "label": ".face-rarity",
        "baseStd": 49.69506657681934,
        "waveStd": 49.69506657681934,
        "ratio": 1.0
      }
    ]
  },
  {
    "seed": 12,
    "canvasOpacity": 0.25,
    "cssOpacity": 0,
    "labels": [
      {
        "index": 0,
        "label": ".face-name",
        "baseStd": 11.952486703716962,
        "waveStd": 11.952486703716962,
        "ratio": 1.0
      },
      {
        "index": 0,
        "label": ".face-rarity",
        "baseStd": 5.799903117330266,
        "waveStd": 5.799903117330266,
        "ratio": 1.0
      },
      {
        "index": 1,
        "label": ".face-name",
        "baseStd": 16.401833736319247,
        "waveStd": 16.375114102204776,
        "ratio": 0.9983709361682344
      },
      {
        "index": 1,
        "label": ".face-rarity",
        "baseStd": 18.64493552520346,
        "waveStd": 18.648242800532962,
        "ratio": 1.0001773819665416
      },
      {
        "index": 2,
        "label": ".face-name",
        "baseStd": 47.75024720488325,
        "waveStd": 47.75024720488325,
        "ratio": 1.0
      },
      {
        "index": 2,
        "label": ".face-rarity",
        "baseStd": 49.69506657681934,
        "waveStd": 49.69506657681934,
        "ratio": 1.0
      }
    ]
  },
  {
    "seed": 13,
    "canvasOpacity": 0.25,
    "cssOpacity": 1,
    "labels": [
      {
        "index": 0,
        "label": ".face-name",
        "baseStd": 24.555199319111054,
        "waveStd": 24.555199319111054,
        "ratio": 1.0
      },
      {
        "index": 0,
        "label": ".face-rarity",
        "baseStd": 4.131563536319103,
        "waveStd": 4.172483882089542,
        "ratio": 1.0099043244550696
      },
      {
        "index": 1,
        "label": ".face-name",
        "baseStd": 9.67850767660608,
        "waveStd": 8.614893266499696,
        "ratio": 0.8901055363444876
      },
      {
        "index": 1,
        "label": ".face-rarity",
        "baseStd": 8.362966654862758,
        "waveStd": 7.571501616583618,
        "ratio": 0.9053607325076525
      },
      {
        "index": 2,
        "label": ".face-name",
        "baseStd": 47.75024720488325,
        "waveStd": 47.75024720488325,
        "ratio": 1.0
      },
      {
        "index": 2,
        "label": ".face-rarity",
        "baseStd": 49.69506657681934,
        "waveStd": 49.69506657681934,
        "ratio": 1.0
      }
    ]
  },
  {
    "seed": 13,
    "canvasOpacity": 0.12,
    "cssOpacity": 1,
    "labels": [
      {
        "index": 0,
        "label": ".face-name",
        "baseStd": 24.555199319111054,
        "waveStd": 24.555199319111054,
        "ratio": 1.0
      },
      {
        "index": 0,
        "label": ".face-rarity",
        "baseStd": 4.131563536319103,
        "waveStd": 4.172483882089542,
        "ratio": 1.0099043244550696
      },
      {
        "index": 1,
        "label": ".face-name",
        "baseStd": 9.67850767660608,
        "waveStd": 8.615588528383617,
        "ratio": 0.8901773719938618
      },
      {
        "index": 1,
        "label": ".face-rarity",
        "baseStd": 8.362966654862758,
        "waveStd": 7.580999613401236,
        "ratio": 0.9064964535035139
      },
      {
        "index": 2,
        "label": ".face-name",
        "baseStd": 47.75024720488325,
        "waveStd": 47.75024720488325,
        "ratio": 1.0
      },
      {
        "index": 2,
        "label": ".face-rarity",
        "baseStd": 49.69506657681934,
        "waveStd": 49.69506657681934,
        "ratio": 1.0
      }
    ]
  },
  {
    "seed": 13,
    "canvasOpacity": 0,
    "cssOpacity": 1,
    "labels": [
      {
        "index": 0,
        "label": ".face-name",
        "baseStd": 24.555199319111054,
        "waveStd": 24.555199319111054,
        "ratio": 1.0
      },
      {
        "index": 0,
        "label": ".face-rarity",
        "baseStd": 4.131563536319103,
        "waveStd": 4.172483882089542,
        "ratio": 1.0099043244550696
      },
      {
        "index": 1,
        "label": ".face-name",
        "baseStd": 9.67850767660608,
        "waveStd": 8.61561245062084,
        "ratio": 0.8901798436804093
      },
      {
        "index": 1,
        "label": ".face-rarity",
        "baseStd": 8.362966654862758,
        "waveStd": 7.583486309845625,
        "ratio": 0.9067937997141369
      },
      {
        "index": 2,
        "label": ".face-name",
        "baseStd": 47.75024720488325,
        "waveStd": 47.75024720488325,
        "ratio": 1.0
      },
      {
        "index": 2,
        "label": ".face-rarity",
        "baseStd": 49.69506657681934,
        "waveStd": 49.69506657681934,
        "ratio": 1.0
      }
    ]
  },
  {
    "seed": 13,
    "canvasOpacity": 0.25,
    "cssOpacity": 0.5,
    "labels": [
      {
        "index": 0,
        "label": ".face-name",
        "baseStd": 24.555199319111054,
        "waveStd": 24.555199319111054,
        "ratio": 1.0
      },
      {
        "index": 0,
        "label": ".face-rarity",
        "baseStd": 4.131563536319103,
        "waveStd": 4.151094807959454,
        "ratio": 1.0047273317882344
      },
      {
        "index": 1,
        "label": ".face-name",
        "baseStd": 9.67850767660608,
        "waveStd": 8.935035757943226,
        "ratio": 0.9231832072148994
      },
      {
        "index": 1,
        "label": ".face-rarity",
        "baseStd": 8.362966654862758,
        "waveStd": 7.719037618595065,
        "ratio": 0.9230023192914117
      },
      {
        "index": 2,
        "label": ".face-name",
        "baseStd": 47.75024720488325,
        "waveStd": 47.75024720488325,
        "ratio": 1.0
      },
      {
        "index": 2,
        "label": ".face-rarity",
        "baseStd": 49.69506657681934,
        "waveStd": 49.69506657681934,
        "ratio": 1.0
      }
    ]
  },
  {
    "seed": 13,
    "canvasOpacity": 0.25,
    "cssOpacity": 0,
    "labels": [
      {
        "index": 0,
        "label": ".face-name",
        "baseStd": 24.555199319111054,
        "waveStd": 24.555199319111054,
        "ratio": 1.0
      },
      {
        "index": 0,
        "label": ".face-rarity",
        "baseStd": 4.131563536319103,
        "waveStd": 4.131563536319103,
        "ratio": 1.0
      },
      {
        "index": 1,
        "label": ".face-name",
        "baseStd": 9.67850767660608,
        "waveStd": 9.685756084443888,
        "ratio": 1.0007489179199938
      },
      {
        "index": 1,
        "label": ".face-rarity",
        "baseStd": 8.362966654862758,
        "waveStd": 8.352473564448513,
        "ratio": 0.9987452908940939
      },
      {
        "index": 2,
        "label": ".face-name",
        "baseStd": 47.75024720488325,
        "waveStd": 47.75024720488325,
        "ratio": 1.0
      },
      {
        "index": 2,
        "label": ".face-rarity",
        "baseStd": 49.69506657681934,
        "waveStd": 49.69506657681934,
        "ratio": 1.0
      }
    ]
  },
  {
    "seed": 14,
    "canvasOpacity": 0.25,
    "cssOpacity": 1,
    "labels": [
      {
        "index": 0,
        "label": ".face-name",
        "baseStd": 16.447644220671105,
        "waveStd": 16.447644220671105,
        "ratio": 1.0
      },
      {
        "index": 0,
        "label": ".face-rarity",
        "baseStd": 17.088806744131663,
        "waveStd": 16.99014846146335,
        "ratio": 0.9942267307398632
      },
      {
        "index": 1,
        "label": ".face-name",
        "baseStd": 8.970783320310712,
        "waveStd": 10.647723440750193,
        "ratio": 1.186933521919176
      },
      {
        "index": 1,
        "label": ".face-rarity",
        "baseStd": 17.46761758639666,
        "waveStd": 17.349003663143087,
        "ratio": 0.9932094962196821
      },
      {
        "index": 2,
        "label": ".face-name",
        "baseStd": 47.75024720488325,
        "waveStd": 47.75024720488325,
        "ratio": 1.0
      },
      {
        "index": 2,
        "label": ".face-rarity",
        "baseStd": 49.69506657681934,
        "waveStd": 49.69506657681934,
        "ratio": 1.0
      }
    ]
  },
  {
    "seed": 14,
    "canvasOpacity": 0.12,
    "cssOpacity": 1,
    "labels": [
      {
        "index": 0,
        "label": ".face-name",
        "baseStd": 16.447644220671105,
        "waveStd": 16.447644220671105,
        "ratio": 1.0
      },
      {
        "index": 0,
        "label": ".face-rarity",
        "baseStd": 17.088806744131663,
        "waveStd": 16.99014846146335,
        "ratio": 0.9942267307398632
      },
      {
        "index": 1,
        "label": ".face-name",
        "baseStd": 8.970783320310712,
        "waveStd": 10.677380452951349,
        "ratio": 1.1902394776135923
      },
      {
        "index": 1,
        "label": ".face-rarity",
        "baseStd": 17.46761758639666,
        "waveStd": 17.343902109889424,
        "ratio": 0.9929174384603209
      },
      {
        "index": 2,
        "label": ".face-name",
        "baseStd": 47.75024720488325,
        "waveStd": 47.75024720488325,
        "ratio": 1.0
      },
      {
        "index": 2,
        "label": ".face-rarity",
        "baseStd": 49.69506657681934,
        "waveStd": 49.69506657681934,
        "ratio": 1.0
      }
    ]
  },
  {
    "seed": 14,
    "canvasOpacity": 0,
    "cssOpacity": 1,
    "labels": [
      {
        "index": 0,
        "label": ".face-name",
        "baseStd": 16.447644220671105,
        "waveStd": 16.447644220671105,
        "ratio": 1.0
      },
      {
        "index": 0,
        "label": ".face-rarity",
        "baseStd": 17.088806744131663,
        "waveStd": 16.99014846146335,
        "ratio": 0.9942267307398632
      },
      {
        "index": 1,
        "label": ".face-name",
        "baseStd": 8.970783320310712,
        "waveStd": 10.683952038871572,
        "ratio": 1.1909720319163302
      },
      {
        "index": 1,
        "label": ".face-rarity",
        "baseStd": 17.46761758639666,
        "waveStd": 17.34267636041094,
        "ratio": 0.9928472657837999
      },
      {
        "index": 2,
        "label": ".face-name",
        "baseStd": 47.75024720488325,
        "waveStd": 47.75024720488325,
        "ratio": 1.0
      },
      {
        "index": 2,
        "label": ".face-rarity",
        "baseStd": 49.69506657681934,
        "waveStd": 49.69506657681934,
        "ratio": 1.0
      }
    ]
  },
  {
    "seed": 14,
    "canvasOpacity": 0.25,
    "cssOpacity": 0.5,
    "labels": [
      {
        "index": 0,
        "label": ".face-name",
        "baseStd": 16.447644220671105,
        "waveStd": 16.447644220671105,
        "ratio": 1.0
      },
      {
        "index": 0,
        "label": ".face-rarity",
        "baseStd": 17.088806744131663,
        "waveStd": 17.027287725216425,
        "ratio": 0.9964000401059973
      },
      {
        "index": 1,
        "label": ".face-name",
        "baseStd": 8.970783320310712,
        "waveStd": 9.626070247103842,
        "ratio": 1.0730467901626268
      },
      {
        "index": 1,
        "label": ".face-rarity",
        "baseStd": 17.46761758639666,
        "waveStd": 17.38413269576684,
        "ratio": 0.9952205908895765
      },
      {
        "index": 2,
        "label": ".face-name",
        "baseStd": 47.75024720488325,
        "waveStd": 47.75024720488325,
        "ratio": 1.0
      },
      {
        "index": 2,
        "label": ".face-rarity",
        "baseStd": 49.69506657681934,
        "waveStd": 49.69506657681934,
        "ratio": 1.0
      }
    ]
  },
  {
    "seed": 14,
    "canvasOpacity": 0.25,
    "cssOpacity": 0,
    "labels": [
      {
        "index": 0,
        "label": ".face-name",
        "baseStd": 16.447644220671105,
        "waveStd": 16.447644220671105,
        "ratio": 1.0
      },
      {
        "index": 0,
        "label": ".face-rarity",
        "baseStd": 17.088806744131663,
        "waveStd": 17.088806744131663,
        "ratio": 1.0
      },
      {
        "index": 1,
        "label": ".face-name",
        "baseStd": 8.970783320310712,
        "waveStd": 8.945883243668323,
        "ratio": 0.9972243141146868
      },
      {
        "index": 1,
        "label": ".face-rarity",
        "baseStd": 17.46761758639666,
        "waveStd": 17.4796874186406,
        "ratio": 1.0006909833115045
      },
      {
        "index": 2,
        "label": ".face-name",
        "baseStd": 47.75024720488325,
        "waveStd": 47.75024720488325,
        "ratio": 1.0
      },
      {
        "index": 2,
        "label": ".face-rarity",
        "baseStd": 49.69506657681934,
        "waveStd": 49.69506657681934,
        "ratio": 1.0
      }
    ]
  },
  {
    "seed": 15,
    "canvasOpacity": 0.25,
    "cssOpacity": 1,
    "labels": [
      {
        "index": 0,
        "label": ".face-name",
        "baseStd": 11.067288149625364,
        "waveStd": 11.067288149625364,
        "ratio": 1.0
      },
      {
        "index": 0,
        "label": ".face-rarity",
        "baseStd": 5.799903117330266,
        "waveStd": 5.884499806528313,
        "ratio": 1.01458587970983
      },
      {
        "index": 1,
        "label": ".face-name",
        "baseStd": 15.975501473248855,
        "waveStd": 13.826364374816961,
        "ratio": 0.8654729491884404
      },
      {
        "index": 1,
        "label": ".face-rarity",
        "baseStd": 21.6684566099827,
        "waveStd": 20.1278343951871,
        "ratio": 0.9289002330657075
      },
      {
        "index": 2,
        "label": ".face-name",
        "baseStd": 47.75024720488325,
        "waveStd": 47.75024720488325,
        "ratio": 1.0
      },
      {
        "index": 2,
        "label": ".face-rarity",
        "baseStd": 49.69506657681934,
        "waveStd": 49.69506657681934,
        "ratio": 1.0
      }
    ]
  },
  {
    "seed": 15,
    "canvasOpacity": 0.12,
    "cssOpacity": 1,
    "labels": [
      {
        "index": 0,
        "label": ".face-name",
        "baseStd": 11.067288149625364,
        "waveStd": 11.067288149625364,
        "ratio": 1.0
      },
      {
        "index": 0,
        "label": ".face-rarity",
        "baseStd": 5.799903117330266,
        "waveStd": 5.884499806528313,
        "ratio": 1.01458587970983
      },
      {
        "index": 1,
        "label": ".face-name",
        "baseStd": 15.975501473248855,
        "waveStd": 13.852851472243174,
        "ratio": 0.867130931410192
      },
      {
        "index": 1,
        "label": ".face-rarity",
        "baseStd": 21.6684566099827,
        "waveStd": 20.17579331596814,
        "ratio": 0.9311135388698202
      },
      {
        "index": 2,
        "label": ".face-name",
        "baseStd": 47.75024720488325,
        "waveStd": 47.75024720488325,
        "ratio": 1.0
      },
      {
        "index": 2,
        "label": ".face-rarity",
        "baseStd": 49.69506657681934,
        "waveStd": 49.69506657681934,
        "ratio": 1.0
      }
    ]
  },
  {
    "seed": 15,
    "canvasOpacity": 0,
    "cssOpacity": 1,
    "labels": [
      {
        "index": 0,
        "label": ".face-name",
        "baseStd": 11.067288149625364,
        "waveStd": 11.067288149625364,
        "ratio": 1.0
      },
      {
        "index": 0,
        "label": ".face-rarity",
        "baseStd": 5.799903117330266,
        "waveStd": 5.884499806528313,
        "ratio": 1.01458587970983
      },
      {
        "index": 1,
        "label": ".face-name",
        "baseStd": 15.975501473248855,
        "waveStd": 13.878474528419526,
        "ratio": 0.8687348282405518
      },
      {
        "index": 1,
        "label": ".face-rarity",
        "baseStd": 21.6684566099827,
        "waveStd": 20.188620690433577,
        "ratio": 0.9317055226320383
      },
      {
        "index": 2,
        "label": ".face-name",
        "baseStd": 47.75024720488325,
        "waveStd": 47.75024720488325,
        "ratio": 1.0
      },
      {
        "index": 2,
        "label": ".face-rarity",
        "baseStd": 49.69506657681934,
        "waveStd": 49.69506657681934,
        "ratio": 1.0
      }
    ]
  },
  {
    "seed": 15,
    "canvasOpacity": 0.25,
    "cssOpacity": 0.5,
    "labels": [
      {
        "index": 0,
        "label": ".face-name",
        "baseStd": 11.067288149625364,
        "waveStd": 11.067288149625364,
        "ratio": 1.0
      },
      {
        "index": 0,
        "label": ".face-rarity",
        "baseStd": 5.799903117330266,
        "waveStd": 5.847328833989079,
        "ratio": 1.0081769842873933
      },
      {
        "index": 1,
        "label": ".face-name",
        "baseStd": 15.975501473248855,
        "waveStd": 14.644785441040518,
        "ratio": 0.91670270667643
      },
      {
        "index": 1,
        "label": ".face-rarity",
        "baseStd": 21.6684566099827,
        "waveStd": 20.722887402951915,
        "ratio": 0.9563619493510599
      },
      {
        "index": 2,
        "label": ".face-name",
        "baseStd": 47.75024720488325,
        "waveStd": 47.75024720488325,
        "ratio": 1.0
      },
      {
        "index": 2,
        "label": ".face-rarity",
        "baseStd": 49.69506657681934,
        "waveStd": 49.69506657681934,
        "ratio": 1.0
      }
    ]
  },
  {
    "seed": 15,
    "canvasOpacity": 0.25,
    "cssOpacity": 0,
    "labels": [
      {
        "index": 0,
        "label": ".face-name",
        "baseStd": 11.067288149625364,
        "waveStd": 11.067288149625364,
        "ratio": 1.0
      },
      {
        "index": 0,
        "label": ".face-rarity",
        "baseStd": 5.799903117330266,
        "waveStd": 5.799903117330266,
        "ratio": 1.0
      },
      {
        "index": 1,
        "label": ".face-name",
        "baseStd": 15.975501473248855,
        "waveStd": 15.915498696724658,
        "ratio": 0.9962440755537676
      },
      {
        "index": 1,
        "label": ".face-rarity",
        "baseStd": 21.6684566099827,
        "waveStd": 21.615636809401334,
        "ratio": 0.9975623644299136
      },
      {
        "index": 2,
        "label": ".face-name",
        "baseStd": 47.75024720488325,
        "waveStd": 47.75024720488325,
        "ratio": 1.0
      },
      {
        "index": 2,
        "label": ".face-rarity",
        "baseStd": 49.69506657681934,
        "waveStd": 49.69506657681934,
        "ratio": 1.0
      }
    ]
  },
  {
    "seed": 16,
    "canvasOpacity": 0.25,
    "cssOpacity": 1,
    "labels": [
      {
        "index": 0,
        "label": ".face-name",
        "baseStd": 3.677220645985285,
        "waveStd": 3.677220645985285,
        "ratio": 1.0
      },
      {
        "index": 0,
        "label": ".face-rarity",
        "baseStd": 5.3020036390322005,
        "waveStd": 5.3441961466126475,
        "ratio": 1.0079578420636748
      },
      {
        "index": 1,
        "label": ".face-name",
        "baseStd": 6.250463624107544,
        "waveStd": 3.7388684254520337,
        "ratio": 0.5981745755677249
      },
      {
        "index": 1,
        "label": ".face-rarity",
        "baseStd": 8.2995295855713,
        "waveStd": 7.512321613144761,
        "ratio": 0.9051502902290876
      },
      {
        "index": 2,
        "label": ".face-name",
        "baseStd": 47.75024720488325,
        "waveStd": 47.75024720488325,
        "ratio": 1.0
      },
      {
        "index": 2,
        "label": ".face-rarity",
        "baseStd": 49.69506657681934,
        "waveStd": 49.69506657681934,
        "ratio": 1.0
      }
    ]
  },
  {
    "seed": 16,
    "canvasOpacity": 0.12,
    "cssOpacity": 1,
    "labels": [
      {
        "index": 0,
        "label": ".face-name",
        "baseStd": 3.677220645985285,
        "waveStd": 3.677220645985285,
        "ratio": 1.0
      },
      {
        "index": 0,
        "label": ".face-rarity",
        "baseStd": 5.3020036390322005,
        "waveStd": 5.3441961466126475,
        "ratio": 1.0079578420636748
      },
      {
        "index": 1,
        "label": ".face-name",
        "baseStd": 6.250463624107544,
        "waveStd": 3.7422292650340365,
        "ratio": 0.598712270014748
      },
      {
        "index": 1,
        "label": ".face-rarity",
        "baseStd": 8.2995295855713,
        "waveStd": 7.521759659498975,
        "ratio": 0.9062874686988917
      },
      {
        "index": 2,
        "label": ".face-name",
        "baseStd": 47.75024720488325,
        "waveStd": 47.75024720488325,
        "ratio": 1.0
      },
      {
        "index": 2,
        "label": ".face-rarity",
        "baseStd": 49.69506657681934,
        "waveStd": 49.69506657681934,
        "ratio": 1.0
      }
    ]
  },
  {
    "seed": 16,
    "canvasOpacity": 0,
    "cssOpacity": 1,
    "labels": [
      {
        "index": 0,
        "label": ".face-name",
        "baseStd": 3.677220645985285,
        "waveStd": 3.677220645985285,
        "ratio": 1.0
      },
      {
        "index": 0,
        "label": ".face-rarity",
        "baseStd": 5.3020036390322005,
        "waveStd": 5.3441961466126475,
        "ratio": 1.0079578420636748
      },
      {
        "index": 1,
        "label": ".face-name",
        "baseStd": 6.250463624107544,
        "waveStd": 3.746793516094472,
        "ratio": 0.5994424960163571
      },
      {
        "index": 1,
        "label": ".face-rarity",
        "baseStd": 8.2995295855713,
        "waveStd": 7.52423227547922,
        "ratio": 0.9065853911238619
      },
      {
        "index": 2,
        "label": ".face-name",
        "baseStd": 47.75024720488325,
        "waveStd": 47.75024720488325,
        "ratio": 1.0
      },
      {
        "index": 2,
        "label": ".face-rarity",
        "baseStd": 49.69506657681934,
        "waveStd": 49.69506657681934,
        "ratio": 1.0
      }
    ]
  },
  {
    "seed": 16,
    "canvasOpacity": 0.25,
    "cssOpacity": 0.5,
    "labels": [
      {
        "index": 0,
        "label": ".face-name",
        "baseStd": 3.677220645985285,
        "waveStd": 3.677220645985285,
        "ratio": 1.0
      },
      {
        "index": 0,
        "label": ".face-rarity",
        "baseStd": 5.3020036390322005,
        "waveStd": 5.328090646903656,
        "ratio": 1.0049202168929892
      },
      {
        "index": 1,
        "label": ".face-name",
        "baseStd": 6.250463624107544,
        "waveStd": 4.612055820738053,
        "ratio": 0.7378741959155988
      },
      {
        "index": 1,
        "label": ".face-rarity",
        "baseStd": 8.2995295855713,
        "waveStd": 7.657004469116948,
        "ratio": 0.9225829476442401
      },
      {
        "index": 2,
        "label": ".face-name",
        "baseStd": 47.75024720488325,
        "waveStd": 47.75024720488325,
        "ratio": 1.0
      },
      {
        "index": 2,
        "label": ".face-rarity",
        "baseStd": 49.69506657681934,
        "waveStd": 49.69506657681934,
        "ratio": 1.0
      }
    ]
  },
  {
    "seed": 16,
    "canvasOpacity": 0.25,
    "cssOpacity": 0,
    "labels": [
      {
        "index": 0,
        "label": ".face-name",
        "baseStd": 3.677220645985285,
        "waveStd": 3.677220645985285,
        "ratio": 1.0
      },
      {
        "index": 0,
        "label": ".face-rarity",
        "baseStd": 5.3020036390322005,
        "waveStd": 5.3020036390322005,
        "ratio": 1.0
      },
      {
        "index": 1,
        "label": ".face-name",
        "baseStd": 6.250463624107544,
        "waveStd": 6.256792425397818,
        "ratio": 1.0010125330968833
      },
      {
        "index": 1,
        "label": ".face-rarity",
        "baseStd": 8.2995295855713,
        "waveStd": 8.289187840718848,
        "ratio": 0.9987539360218161
      },
      {
        "index": 2,
        "label": ".face-name",
        "baseStd": 47.75024720488325,
        "waveStd": 47.75024720488325,
        "ratio": 1.0
      },
      {
        "index": 2,
        "label": ".face-rarity",
        "baseStd": 49.69506657681934,
        "waveStd": 49.69506657681934,
        "ratio": 1.0
      }
    ]
  },
  {
    "seed": 17,
    "canvasOpacity": 0.25,
    "cssOpacity": 1,
    "labels": [
      {
        "index": 0,
        "label": ".face-name",
        "baseStd": 7.322025137573736,
        "waveStd": 7.322025137573736,
        "ratio": 1.0
      },
      {
        "index": 0,
        "label": ".face-rarity",
        "baseStd": 24.640353351555877,
        "waveStd": 24.681047388246242,
        "ratio": 1.0016515200131169
      },
      {
        "index": 1,
        "label": ".face-name",
        "baseStd": 8.281366975525435,
        "waveStd": 10.369795736125072,
        "ratio": 1.25218406173422
      },
      {
        "index": 1,
        "label": ".face-rarity",
        "baseStd": 16.643243214562126,
        "waveStd": 15.024491949366427,
        "ratio": 0.9027382317059838
      },
      {
        "index": 2,
        "label": ".face-name",
        "baseStd": 47.75024720488325,
        "waveStd": 47.75024720488325,
        "ratio": 1.0
      },
      {
        "index": 2,
        "label": ".face-rarity",
        "baseStd": 49.69506657681934,
        "waveStd": 49.69506657681934,
        "ratio": 1.0
      }
    ]
  },
  {
    "seed": 17,
    "canvasOpacity": 0.12,
    "cssOpacity": 1,
    "labels": [
      {
        "index": 0,
        "label": ".face-name",
        "baseStd": 7.322025137573736,
        "waveStd": 7.322025137573736,
        "ratio": 1.0
      },
      {
        "index": 0,
        "label": ".face-rarity",
        "baseStd": 24.640353351555877,
        "waveStd": 24.681047388246242,
        "ratio": 1.0016515200131169
      },
      {
        "index": 1,
        "label": ".face-name",
        "baseStd": 8.281366975525435,
        "waveStd": 10.404952124332818,
        "ratio": 1.2564293014768428
      },
      {
        "index": 1,
        "label": ".face-rarity",
        "baseStd": 16.643243214562126,
        "waveStd": 15.02122152890119,
        "ratio": 0.9025417303136124
      },
      {
        "index": 2,
        "label": ".face-name",
        "baseStd": 47.75024720488325,
        "waveStd": 47.75024720488325,
        "ratio": 1.0
      },
      {
        "index": 2,
        "label": ".face-rarity",
        "baseStd": 49.69506657681934,
        "waveStd": 49.69506657681934,
        "ratio": 1.0
      }
    ]
  },
  {
    "seed": 17,
    "canvasOpacity": 0,
    "cssOpacity": 1,
    "labels": [
      {
        "index": 0,
        "label": ".face-name",
        "baseStd": 7.322025137573736,
        "waveStd": 7.322025137573736,
        "ratio": 1.0
      },
      {
        "index": 0,
        "label": ".face-rarity",
        "baseStd": 24.640353351555877,
        "waveStd": 24.681047388246242,
        "ratio": 1.0016515200131169
      },
      {
        "index": 1,
        "label": ".face-name",
        "baseStd": 8.281366975525435,
        "waveStd": 10.413132107264335,
        "ratio": 1.257417059048231
      },
      {
        "index": 1,
        "label": ".face-rarity",
        "baseStd": 16.643243214562126,
        "waveStd": 15.019243930362743,
        "ratio": 0.9024229074067455
      },
      {
        "index": 2,
        "label": ".face-name",
        "baseStd": 47.75024720488325,
        "waveStd": 47.75024720488325,
        "ratio": 1.0
      },
      {
        "index": 2,
        "label": ".face-rarity",
        "baseStd": 49.69506657681934,
        "waveStd": 49.69506657681934,
        "ratio": 1.0
      }
    ]
  },
  {
    "seed": 17,
    "canvasOpacity": 0.25,
    "cssOpacity": 0.5,
    "labels": [
      {
        "index": 0,
        "label": ".face-name",
        "baseStd": 7.322025137573736,
        "waveStd": 7.322025137573736,
        "ratio": 1.0
      },
      {
        "index": 0,
        "label": ".face-rarity",
        "baseStd": 24.640353351555877,
        "waveStd": 24.665537356555046,
        "ratio": 1.0010220634679972
      },
      {
        "index": 1,
        "label": ".face-name",
        "baseStd": 8.281366975525435,
        "waveStd": 9.16896513628729,
        "ratio": 1.1071801507390076
      },
      {
        "index": 1,
        "label": ".face-rarity",
        "baseStd": 16.643243214562126,
        "waveStd": 15.721881340456832,
        "ratio": 0.9446404848966491
      },
      {
        "index": 2,
        "label": ".face-name",
        "baseStd": 47.75024720488325,
        "waveStd": 47.75024720488325,
        "ratio": 1.0
      },
      {
        "index": 2,
        "label": ".face-rarity",
        "baseStd": 49.69506657681934,
        "waveStd": 49.69506657681934,
        "ratio": 1.0
      }
    ]
  },
  {
    "seed": 17,
    "canvasOpacity": 0.25,
    "cssOpacity": 0,
    "labels": [
      {
        "index": 0,
        "label": ".face-name",
        "baseStd": 7.322025137573736,
        "waveStd": 7.322025137573736,
        "ratio": 1.0
      },
      {
        "index": 0,
        "label": ".face-rarity",
        "baseStd": 24.640353351555877,
        "waveStd": 24.640353351555877,
        "ratio": 1.0
      },
      {
        "index": 1,
        "label": ".face-name",
        "baseStd": 8.281366975525435,
        "waveStd": 8.248165800543767,
        "ratio": 0.9959908581421654
      },
      {
        "index": 1,
        "label": ".face-rarity",
        "baseStd": 16.643243214562126,
        "waveStd": 16.655364081132422,
        "ratio": 1.0007282755178204
      },
      {
        "index": 2,
        "label": ".face-name",
        "baseStd": 47.75024720488325,
        "waveStd": 47.75024720488325,
        "ratio": 1.0
      },
      {
        "index": 2,
        "label": ".face-rarity",
        "baseStd": 49.69506657681934,
        "waveStd": 49.69506657681934,
        "ratio": 1.0
      }
    ]
  },
  {
    "seed": 18,
    "canvasOpacity": 0.25,
    "cssOpacity": 1,
    "labels": [
      {
        "index": 0,
        "label": ".face-name",
        "baseStd": 7.322025137573736,
        "waveStd": 7.322025137573736,
        "ratio": 1.0
      },
      {
        "index": 0,
        "label": ".face-rarity",
        "baseStd": 5.799903117330266,
        "waveStd": 5.884499806528313,
        "ratio": 1.01458587970983
      },
      {
        "index": 1,
        "label": ".face-name",
        "baseStd": 17.68675218688198,
        "waveStd": 14.948133244237832,
        "ratio": 0.845159873689227
      },
      {
        "index": 1,
        "label": ".face-rarity",
        "baseStd": 4.821800305908546,
        "waveStd": 5.713849274623463,
        "ratio": 1.185003300037502
      },
      {
        "index": 2,
        "label": ".face-name",
        "baseStd": 47.75024720488325,
        "waveStd": 47.75024720488325,
        "ratio": 1.0
      },
      {
        "index": 2,
        "label": ".face-rarity",
        "baseStd": 49.69506657681934,
        "waveStd": 49.69506657681934,
        "ratio": 1.0
      }
    ]
  },
  {
    "seed": 18,
    "canvasOpacity": 0.12,
    "cssOpacity": 1,
    "labels": [
      {
        "index": 0,
        "label": ".face-name",
        "baseStd": 7.322025137573736,
        "waveStd": 7.322025137573736,
        "ratio": 1.0
      },
      {
        "index": 0,
        "label": ".face-rarity",
        "baseStd": 5.799903117330266,
        "waveStd": 5.884499806528313,
        "ratio": 1.01458587970983
      },
      {
        "index": 1,
        "label": ".face-name",
        "baseStd": 17.68675218688198,
        "waveStd": 14.981553025820165,
        "ratio": 0.8470494111932986
      },
      {
        "index": 1,
        "label": ".face-rarity",
        "baseStd": 4.821800305908546,
        "waveStd": 5.746988500325621,
        "ratio": 1.1918760910283583
      },
      {
        "index": 2,
        "label": ".face-name",
        "baseStd": 47.75024720488325,
        "waveStd": 47.75024720488325,
        "ratio": 1.0
      },
      {
        "index": 2,
        "label": ".face-rarity",
        "baseStd": 49.69506657681934,
        "waveStd": 49.69506657681934,
        "ratio": 1.0
      }
    ]
  },
  {
    "seed": 18,
    "canvasOpacity": 0,
    "cssOpacity": 1,
    "labels": [
      {
        "index": 0,
        "label": ".face-name",
        "baseStd": 7.322025137573736,
        "waveStd": 7.322025137573736,
        "ratio": 1.0
      },
      {
        "index": 0,
        "label": ".face-rarity",
        "baseStd": 5.799903117330266,
        "waveStd": 5.884499806528313,
        "ratio": 1.01458587970983
      },
      {
        "index": 1,
        "label": ".face-name",
        "baseStd": 17.68675218688198,
        "waveStd": 14.978100554529036,
        "ratio": 0.8468542102171865
      },
      {
        "index": 1,
        "label": ".face-rarity",
        "baseStd": 4.821800305908546,
        "waveStd": 5.755623887716367,
        "ratio": 1.1936669962593702
      },
      {
        "index": 2,
        "label": ".face-name",
        "baseStd": 47.75024720488325,
        "waveStd": 47.75024720488325,
        "ratio": 1.0
      },
      {
        "index": 2,
        "label": ".face-rarity",
        "baseStd": 49.69506657681934,
        "waveStd": 49.69506657681934,
        "ratio": 1.0
      }
    ]
  },
  {
    "seed": 18,
    "canvasOpacity": 0.25,
    "cssOpacity": 0.5,
    "labels": [
      {
        "index": 0,
        "label": ".face-name",
        "baseStd": 7.322025137573736,
        "waveStd": 7.322025137573736,
        "ratio": 1.0
      },
      {
        "index": 0,
        "label": ".face-rarity",
        "baseStd": 5.799903117330266,
        "waveStd": 5.847328833989079,
        "ratio": 1.0081769842873933
      },
      {
        "index": 1,
        "label": ".face-name",
        "baseStd": 17.68675218688198,
        "waveStd": 16.17806625191424,
        "ratio": 0.9146996622654832
      },
      {
        "index": 1,
        "label": ".face-rarity",
        "baseStd": 4.821800305908546,
        "waveStd": 4.846081612384123,
        "ratio": 1.005035734566988
      },
      {
        "index": 2,
        "label": ".face-name",
        "baseStd": 47.75024720488325,
        "waveStd": 47.75024720488325,
        "ratio": 1.0
      },
      {
        "index": 2,
        "label": ".face-rarity",
        "baseStd": 49.69506657681934,
        "waveStd": 49.69506657681934,
        "ratio": 1.0
      }
    ]
  },
  {
    "seed": 18,
    "canvasOpacity": 0.25,
    "cssOpacity": 0,
    "labels": [
      {
        "index": 0,
        "label": ".face-name",
        "baseStd": 7.322025137573736,
        "waveStd": 7.322025137573736,
        "ratio": 1.0
      },
      {
        "index": 0,
        "label": ".face-rarity",
        "baseStd": 5.799903117330266,
        "waveStd": 5.799903117330266,
        "ratio": 1.0
      },
      {
        "index": 1,
        "label": ".face-name",
        "baseStd": 17.68675218688198,
        "waveStd": 17.669415786500558,
        "ratio": 0.9990198087134234
      },
      {
        "index": 1,
        "label": ".face-rarity",
        "baseStd": 4.821800305908546,
        "waveStd": 4.794459372487696,
        "ratio": 0.994329725064029
      },
      {
        "index": 2,
        "label": ".face-name",
        "baseStd": 47.75024720488325,
        "waveStd": 47.75024720488325,
        "ratio": 1.0
      },
      {
        "index": 2,
        "label": ".face-rarity",
        "baseStd": 49.69506657681934,
        "waveStd": 49.69506657681934,
        "ratio": 1.0
      }
    ]
  },
  {
    "seed": 19,
    "canvasOpacity": 0.25,
    "cssOpacity": 1,
    "labels": [
      {
        "index": 0,
        "label": ".face-name",
        "baseStd": 4.971966108415461,
        "waveStd": 4.971966108415461,
        "ratio": 1.0
      },
      {
        "index": 0,
        "label": ".face-rarity",
        "baseStd": 12.993732948393198,
        "waveStd": 12.998849288161145,
        "ratio": 1.0003937544190162
      },
      {
        "index": 1,
        "label": ".face-name",
        "baseStd": 16.195289204698923,
        "waveStd": 15.710317785485614,
        "ratio": 0.970054784877037
      },
      {
        "index": 1,
        "label": ".face-rarity",
        "baseStd": 18.587273232192803,
        "waveStd": 17.19141152984532,
        "ratio": 0.9249022874463437
      },
      {
        "index": 2,
        "label": ".face-name",
        "baseStd": 47.75024720488325,
        "waveStd": 47.75024720488325,
        "ratio": 1.0
      },
      {
        "index": 2,
        "label": ".face-rarity",
        "baseStd": 49.69506657681934,
        "waveStd": 49.69506657681934,
        "ratio": 1.0
      }
    ]
  },
  {
    "seed": 19,
    "canvasOpacity": 0.12,
    "cssOpacity": 1,
    "labels": [
      {
        "index": 0,
        "label": ".face-name",
        "baseStd": 4.971966108415461,
        "waveStd": 4.971966108415461,
        "ratio": 1.0
      },
      {
        "index": 0,
        "label": ".face-rarity",
        "baseStd": 12.993732948393198,
        "waveStd": 12.998849288161145,
        "ratio": 1.0003937544190162
      },
      {
        "index": 1,
        "label": ".face-name",
        "baseStd": 16.195289204698923,
        "waveStd": 15.746052792043926,
        "ratio": 0.9722612911089815
      },
      {
        "index": 1,
        "label": ".face-rarity",
        "baseStd": 18.587273232192803,
        "waveStd": 17.186643331491894,
        "ratio": 0.9246457571692095
      },
      {
        "index": 2,
        "label": ".face-name",
        "baseStd": 47.75024720488325,
        "waveStd": 47.75024720488325,
        "ratio": 1.0
      },
      {
        "index": 2,
        "label": ".face-rarity",
        "baseStd": 49.69506657681934,
        "waveStd": 49.69506657681934,
        "ratio": 1.0
      }
    ]
  },
  {
    "seed": 19,
    "canvasOpacity": 0,
    "cssOpacity": 1,
    "labels": [
      {
        "index": 0,
        "label": ".face-name",
        "baseStd": 4.971966108415461,
        "waveStd": 4.971966108415461,
        "ratio": 1.0
      },
      {
        "index": 0,
        "label": ".face-rarity",
        "baseStd": 12.993732948393198,
        "waveStd": 12.998849288161145,
        "ratio": 1.0003937544190162
      },
      {
        "index": 1,
        "label": ".face-name",
        "baseStd": 16.195289204698923,
        "waveStd": 15.750101742899808,
        "ratio": 0.9725112990467656
      },
      {
        "index": 1,
        "label": ".face-rarity",
        "baseStd": 18.587273232192803,
        "waveStd": 17.18485860031959,
        "ratio": 0.9245497381808399
      },
      {
        "index": 2,
        "label": ".face-name",
        "baseStd": 47.75024720488325,
        "waveStd": 47.75024720488325,
        "ratio": 1.0
      },
      {
        "index": 2,
        "label": ".face-rarity",
        "baseStd": 49.69506657681934,
        "waveStd": 49.69506657681934,
        "ratio": 1.0
      }
    ]
  },
  {
    "seed": 19,
    "canvasOpacity": 0.25,
    "cssOpacity": 0.5,
    "labels": [
      {
        "index": 0,
        "label": ".face-name",
        "baseStd": 4.971966108415461,
        "waveStd": 4.971966108415461,
        "ratio": 1.0
      },
      {
        "index": 0,
        "label": ".face-rarity",
        "baseStd": 12.993732948393198,
        "waveStd": 12.994928596452347,
        "ratio": 1.0000920172874028
      },
      {
        "index": 1,
        "label": ".face-name",
        "baseStd": 16.195289204698923,
        "waveStd": 15.846641868049355,
        "ratio": 0.9784722994296137
      },
      {
        "index": 1,
        "label": ".face-rarity",
        "baseStd": 18.587273232192803,
        "waveStd": 17.79711248179681,
        "ratio": 0.9574891518231168
      },
      {
        "index": 2,
        "label": ".face-name",
        "baseStd": 47.75024720488325,
        "waveStd": 47.75024720488325,
        "ratio": 1.0
      },
      {
        "index": 2,
        "label": ".face-rarity",
        "baseStd": 49.69506657681934,
        "waveStd": 49.69506657681934,
        "ratio": 1.0
      }
    ]
  },
  {
    "seed": 19,
    "canvasOpacity": 0.25,
    "cssOpacity": 0,
    "labels": [
      {
        "index": 0,
        "label": ".face-name",
        "baseStd": 4.971966108415461,
        "waveStd": 4.971966108415461,
        "ratio": 1.0
      },
      {
        "index": 0,
        "label": ".face-rarity",
        "baseStd": 12.993732948393198,
        "waveStd": 12.993732948393198,
        "ratio": 1.0
      },
      {
        "index": 1,
        "label": ".face-name",
        "baseStd": 16.195289204698923,
        "waveStd": 16.16499181910619,
        "ratio": 0.998129247016846
      },
      {
        "index": 1,
        "label": ".face-rarity",
        "baseStd": 18.587273232192803,
        "waveStd": 18.600262733560214,
        "ratio": 1.000698838458183
      },
      {
        "index": 2,
        "label": ".face-name",
        "baseStd": 47.75024720488325,
        "waveStd": 47.75024720488325,
        "ratio": 1.0
      },
      {
        "index": 2,
        "label": ".face-rarity",
        "baseStd": 49.69506657681934,
        "waveStd": 49.69506657681934,
        "ratio": 1.0
      }
    ]
  },
  {
    "canvasOpacity": 0.25,
    "labels": [
      {
        "index": 0,
        "label": ".face-name",
        "baseStd": 7.322025137573736,
        "waveStd": 7.322025137573736,
        "ratio": 1.0
      },
      {
        "index": 0,
        "label": ".face-rarity",
        "baseStd": 5.799903117330266,
        "waveStd": 5.836877385325001,
        "ratio": 1.0063749802792834
      },
      {
        "index": 1,
        "label": ".face-name",
        "baseStd": 22.048218494563756,
        "waveStd": 21.282281157877925,
        "ratio": 0.9652608061338525
      },
      {
        "index": 1,
        "label": ".face-rarity",
        "baseStd": 18.440504045526527,
        "waveStd": 18.478517062271994,
        "ratio": 1.002061387077686
      },
      {
        "index": 2,
        "label": ".face-name",
        "baseStd": 47.75024720488325,
        "waveStd": 47.75024720488325,
        "ratio": 1.0
      },
      {
        "index": 2,
        "label": ".face-rarity",
        "baseStd": 49.69506657681934,
        "waveStd": 49.69506657681934,
        "ratio": 1.0
      }
    ]
  },
  {
    "canvasOpacity": 0.18,
    "labels": [
      {
        "index": 0,
        "label": ".face-name",
        "baseStd": 7.322025137573736,
        "waveStd": 7.322025137573736,
        "ratio": 1.0
      },
      {
        "index": 0,
        "label": ".face-rarity",
        "baseStd": 5.799903117330266,
        "waveStd": 5.836877385325001,
        "ratio": 1.0063749802792834
      },
      {
        "index": 1,
        "label": ".face-name",
        "baseStd": 22.048218494563756,
        "waveStd": 21.29867114327089,
        "ratio": 0.9660041761887622
      },
      {
        "index": 1,
        "label": ".face-rarity",
        "baseStd": 18.440504045526527,
        "waveStd": 18.508267410717973,
        "ratio": 1.0036747024389436
      },
      {
        "index": 2,
        "label": ".face-name",
        "baseStd": 47.75024720488325,
        "waveStd": 47.75024720488325,
        "ratio": 1.0
      },
      {
        "index": 2,
        "label": ".face-rarity",
        "baseStd": 49.69506657681934,
        "waveStd": 49.69506657681934,
        "ratio": 1.0
      }
    ]
  },
  {
    "canvasOpacity": 0.12,
    "labels": [
      {
        "index": 0,
        "label": ".face-name",
        "baseStd": 7.322025137573736,
        "waveStd": 7.322025137573736,
        "ratio": 1.0
      },
      {
        "index": 0,
        "label": ".face-rarity",
        "baseStd": 5.799903117330266,
        "waveStd": 5.836877385325001,
        "ratio": 1.0063749802792834
      },
      {
        "index": 1,
        "label": ".face-name",
        "baseStd": 22.048218494563756,
        "waveStd": 21.30019387604493,
        "ratio": 0.9660732399443855
      },
      {
        "index": 1,
        "label": ".face-rarity",
        "baseStd": 18.440504045526527,
        "waveStd": 18.51394381044497,
        "ratio": 1.0039825248126153
      },
      {
        "index": 2,
        "label": ".face-name",
        "baseStd": 47.75024720488325,
        "waveStd": 47.75024720488325,
        "ratio": 1.0
      },
      {
        "index": 2,
        "label": ".face-rarity",
        "baseStd": 49.69506657681934,
        "waveStd": 49.69506657681934,
        "ratio": 1.0
      }
    ]
  },
  {
    "canvasOpacity": 0,
    "labels": [
      {
        "index": 0,
        "label": ".face-name",
        "baseStd": 7.322025137573736,
        "waveStd": 7.322025137573736,
        "ratio": 1.0
      },
      {
        "index": 0,
        "label": ".face-rarity",
        "baseStd": 5.799903117330266,
        "waveStd": 5.836877385325001,
        "ratio": 1.0063749802792834
      },
      {
        "index": 1,
        "label": ".face-name",
        "baseStd": 22.048218494563756,
        "waveStd": 21.303460932376705,
        "ratio": 0.966221417736282
      },
      {
        "index": 1,
        "label": ".face-rarity",
        "baseStd": 18.440504045526527,
        "waveStd": 18.523151007168252,
        "ratio": 1.004481816843926
      },
      {
        "index": 2,
        "label": ".face-name",
        "baseStd": 47.75024720488325,
        "waveStd": 47.75024720488325,
        "ratio": 1.0
      },
      {
        "index": 2,
        "label": ".face-rarity",
        "baseStd": 49.69506657681934,
        "waveStd": 49.69506657681934,
        "ratio": 1.0
      }
    ]
  }
]
